customer_binary,user_binary,device,os,browser,weekday,hour,product_views_hour,cart_views_hour,purchase_views_hour,page_views_hour,product_views_journey,cart_views_journey,purchase_views_journey,page_views_journey
kp2ev3khwEeVqZ7qW0pJug==,5jK2FikVFkyTQAq17jDPpg==,0.0,1.0,0.0,1,22,1,0,0,1,1,1,1,1
M1+3xXFmE0q6b+9HVdxQ1w==,D+HKphq7PUOj2hzBQw7XiQ==,0.0,2.0,0.0,1,22,1,0,0,1,1,1,1,1
M1+3xXFmE0q6b+9HVdxQ1w==,eapABf4FbEemdIdqOmcXuA==,0.0,3.0,0.0,1,22,1,0,0,1,1,1,1,1
MWY5bBVHEEOWUfnTwFnnHQ==,yABNaNiLnU+dUX3UrkV3Vw==,0.0,1.0,3.0,1,22,1,0,0,1,1,1,1,1
kp2ev3khwEeVqZ7qW0pJug==,KNo0XVodwUWtczbDkzhSkw==,4.0,0.0,1.0,1,22,1,0,0,1,1,1,1,1
VCkXEQJxMEaCOzfgHgncSQ==,UN7Jt8axAEiHDnO/LVyEnQ==,0.0,2.0,0.0,1,22,1,0,0,1,1,1,1,1
M1+3xXFmE0q6b+9HVdxQ1w==,vXKzbu8BH02WmLfV8pOJcA==,0.0,3.0,0.0,1,22,1,0,0,1,1,1,1,1
gwlc4zxoJEivY9vtdKLc2A==,3JHAtMMnxUy8HHVWXtxrrQ==,4.0,0.0,1.0,1,22,2,0,0,2,2,2,2,2
gwlc4zxoJEivY9vtdKLc2A==,3JHAtMMnxUy8HHVWXtxrrQ==,4.0,0.0,1.0,1,22,2,0,0,2,2,2,2,2
O0gXPxm1z0yo2WOV0o+Xkw==,PmTe6W5yUkqtgkkuVLjFWA==,11.0,0.0,1.0,1,22,1,0,0,1,1,1,1,1
giY70S63zEKSA+4fCiC2jQ==,Uon9P9DcWk+5qVD8Njcy4g==,76.0,0.0,1.0,1,22,1,0,0,1,1,1,1,1
VBx8f+FnZUqmVAadfMLbjg==,+FuuVBnXKkOfrpO7PTUsMA==,4.0,0.0,1.0,1,22,1,0,0,1,1,1,1,1
3a1+o8O8UUuye6u4ZjcoaQ==,hg1bfvBXvEiq2ntto5UbKQ==,38.0,0.0,1.0,1,22,1,0,0,1,1,1,1,1
6loll5waEE+97Cm1lWJ0yg==,0SY1nAwEYECz0J2PfklbVg==,8.0,0.0,1.0,1,22,1,0,0,1,1,1,1,1
qR8YbQr2PUmE27VvgFzv3w==,X2SAWhHL6Ey9yheHG+l/qg==,0.0,1.0,0.0,1,22,1,0,0,1,1,1,1,1
Fr9oWfIRPk6Tn0F12240tw==,aw25vT83fku+K21wbAn78g==,0.0,1.0,0.0,1,22,1,0,0,1,1,1,1,1
3a1+o8O8UUuye6u4ZjcoaQ==,jR+QyMpGq0GBxpzLUNIAEA==,8.0,0.0,1.0,1,22,1,0,0,1,1,1,1,1
3a1+o8O8UUuye6u4ZjcoaQ==,xReiClZyp0OeQ8Z4/nVs6g==,0.0,1.0,0.0,1,22,1,0,0,1,1,1,1,1
bsKc1tAibEmZ+BwwISsw0Q==,/+/blsOIFEOLZEIMqP0a4A==,5.0,0.0,1.0,1,22,1,0,0,1,1,1,1,1
bsKc1tAibEmZ+BwwISsw0Q==,6z3aJT0hIU664tnDtAw7yw==,0.0,1.0,0.0,1,22,1,0,0,1,1,1,1,1
kp2ev3khwEeVqZ7qW0pJug==,NyZmpYB7f0apAEL5SdZIFw==,20.0,0.0,1.0,1,22,2,0,0,2,2,2,2,2
kp2ev3khwEeVqZ7qW0pJug==,NyZmpYB7f0apAEL5SdZIFw==,20.0,0.0,1.0,1,22,2,0,0,2,2,2,2,2
giY70S63zEKSA+4fCiC2jQ==,Wqraq3LCekecYlY485Qy3g==,0.0,2.0,0.0,1,22,1,0,0,1,1,1,1,1
kp2ev3khwEeVqZ7qW0pJug==,dwbxuIvTKEWY2gX9GFJC/g==,36.0,0.0,1.0,1,22,2,0,0,2,2,2,2,2
kp2ev3khwEeVqZ7qW0pJug==,dwbxuIvTKEWY2gX9GFJC/g==,36.0,0.0,1.0,1,22,2,0,0,2,2,2,2,2
z6qHyTx3M0GmcKYDKB8Avg==,hnx82eAzcUeykp98WoREww==,70.0,0.0,1.0,1,22,1,0,0,1,1,1,1,1
3a1+o8O8UUuye6u4ZjcoaQ==,rrdEf6+8A06KV5aBAx5phg==,17.0,0.0,1.0,1,22,4,0,0,4,4,4,4,4
3a1+o8O8UUuye6u4ZjcoaQ==,rrdEf6+8A06KV5aBAx5phg==,17.0,0.0,1.0,1,22,4,0,0,4,4,4,4,4
3a1+o8O8UUuye6u4ZjcoaQ==,rrdEf6+8A06KV5aBAx5phg==,17.0,0.0,1.0,1,22,4,0,0,4,4,4,4,4
3a1+o8O8UUuye6u4ZjcoaQ==,rrdEf6+8A06KV5aBAx5phg==,17.0,0.0,1.0,1,22,4,0,0,4,4,4,4,4
rtieEqQqcEu0sMoF3BR0Cg==,wshe1LEceUqMo4GjsWcySw==,0.0,5.0,3.0,1,22,1,0,0,1,1,1,1,1
MWY5bBVHEEOWUfnTwFnnHQ==,U+TXHw6wFUSfwmmnsWpYPA==,0.0,1.0,0.0,1,22,2,0,0,2,2,2,2,2
MWY5bBVHEEOWUfnTwFnnHQ==,U+TXHw6wFUSfwmmnsWpYPA==,0.0,1.0,0.0,1,22,2,0,0,2,2,2,2,2
hCffFh60EkaWRcJBfxMRkQ==,2L7UWn8mxUGSgFl5tiEeBg==,15.0,0.0,1.0,1,22,1,0,0,1,1,1,1,1
qR8YbQr2PUmE27VvgFzv3w==,Bi7gS5TlFE2/WzQ3Rylkyw==,26.0,4.0,2.0,1,22,1,0,0,1,1,1,1,1
VBx8f+FnZUqmVAadfMLbjg==,W3sHu7XfrUKYGBCfVEXNew==,27.0,0.0,1.0,1,22,1,0,0,1,1,1,1,1
MWY5bBVHEEOWUfnTwFnnHQ==,sNnaWFJackW/xKUvnsxS1w==,23.0,0.0,1.0,1,22,2,0,0,2,2,2,2,2
MWY5bBVHEEOWUfnTwFnnHQ==,sNnaWFJackW/xKUvnsxS1w==,23.0,0.0,1.0,1,22,2,0,0,2,2,2,2,2
z6qHyTx3M0GmcKYDKB8Avg==,JPCHfzkaZkSY9Q4jceWp+Q==,2.0,0.0,1.0,1,22,2,0,0,2,2,2,2,2
z6qHyTx3M0GmcKYDKB8Avg==,JPCHfzkaZkSY9Q4jceWp+Q==,2.0,0.0,1.0,1,22,2,0,0,2,2,2,2,2
MWY5bBVHEEOWUfnTwFnnHQ==,LYyiqr0OdEyg+vMnNSUg+Q==,0.0,1.0,0.0,1,22,1,0,0,1,1,1,1,1
+fFJcQp8sUScovDIJdYErg==,ngUvdQlankWgoV8LFyiRIQ==,18.0,0.0,1.0,1,22,0,1,0,1,1,1,1,1
isw9x3gmOku+edNqJ3vyaQ==,Nc564bstWkqi2p48XHaO0w==,0.0,1.0,0.0,1,22,1,0,0,1,1,1,1,1
0aWCYuNUNESDp2JgJnQ66w==,PLVk72sBBESdXjqo9V1Ieg==,4.0,0.0,1.0,1,22,3,0,0,3,3,3,3,3
0aWCYuNUNESDp2JgJnQ66w==,PLVk72sBBESdXjqo9V1Ieg==,4.0,0.0,1.0,1,22,3,0,0,3,3,3,3,3
0aWCYuNUNESDp2JgJnQ66w==,PLVk72sBBESdXjqo9V1Ieg==,4.0,0.0,1.0,1,22,3,0,0,3,3,3,3,3
z6qHyTx3M0GmcKYDKB8Avg==,mnD3ruqfaE63R+zYcngoKw==,4.0,0.0,1.0,1,22,1,0,0,1,1,1,1,1
bsKc1tAibEmZ+BwwISsw0Q==,sNU0rKvxL0ufKjUXavhL2Q==,6.0,0.0,1.0,1,22,1,0,0,1,1,1,1,1
ZGPn2hAg+E+bm+6pAK3e7g==,z9ZCTi66ikaRFmwykLd4Kw==,1.0,4.0,2.0,1,22,1,0,0,1,1,1,1,1
z6qHyTx3M0GmcKYDKB8Avg==,DUPw3xeGs0CJ9Dufp7MqOQ==,1.0,4.0,2.0,1,22,1,0,0,1,1,1,1,1
hCffFh60EkaWRcJBfxMRkQ==,VmBf+hWxUEKwrTvNqKWlqA==,5.0,0.0,1.0,1,22,1,0,0,1,1,1,1,1
EsCYia3Mx0COa0vjEDU9dA==,QAgT83fU6EeW3fL3YMedQg==,32.0,0.0,1.0,1,22,2,0,0,2,2,2,2,2
EsCYia3Mx0COa0vjEDU9dA==,QAgT83fU6EeW3fL3YMedQg==,32.0,0.0,1.0,1,22,2,0,0,2,2,2,2,2
MWY5bBVHEEOWUfnTwFnnHQ==,E3b03iqmsEq7pp71V3vLVw==,0.0,1.0,0.0,1,22,2,0,0,2,2,2,2,2
MWY5bBVHEEOWUfnTwFnnHQ==,E3b03iqmsEq7pp71V3vLVw==,0.0,1.0,0.0,1,22,2,0,0,2,2,2,2,2
j2Z1d/CPMkuLWpYXL5H6Fg==,qY0hLI676kWUcrpwvViQ7g==,0.0,2.0,0.0,1,22,1,0,0,1,1,1,1,1
giY70S63zEKSA+4fCiC2jQ==,zUoQzIDD9U2KcF3+N8FOtg==,27.0,0.0,1.0,1,22,1,0,0,1,1,1,1,1
00eVKE2/0U6GyaSwxxBq2A==,8eh8zh09Rk2l4D7WncrvNA==,4.0,0.0,1.0,1,22,1,0,0,1,1,1,1,1
z6qHyTx3M0GmcKYDKB8Avg==,FmfkJvaMnE+SBRiplwbubw==,4.0,0.0,1.0,1,22,1,0,0,1,1,1,1,1
z6qHyTx3M0GmcKYDKB8Avg==,PUZ4uTFtZkOdZh1QykFDWQ==,0.0,1.0,0.0,1,22,2,0,0,2,2,2,2,2
z6qHyTx3M0GmcKYDKB8Avg==,PUZ4uTFtZkOdZh1QykFDWQ==,0.0,1.0,0.0,1,22,2,0,0,2,2,2,2,2
giY70S63zEKSA+4fCiC2jQ==,QoTnbEs4KECEJEKBWmPMMw==,11.0,0.0,1.0,1,22,1,0,0,1,1,1,1,1
VCkXEQJxMEaCOzfgHgncSQ==,R8auPUPGqUu38vmoi6ZWHw==,6.0,0.0,1.0,1,22,1,0,0,1,1,1,1,1
Fr9oWfIRPk6Tn0F12240tw==,TfGIkF3bXEiYLwcS1YuPug==,0.0,1.0,0.0,1,22,4,0,0,4,4,4,4,4
Fr9oWfIRPk6Tn0F12240tw==,TfGIkF3bXEiYLwcS1YuPug==,0.0,1.0,0.0,1,22,4,0,0,4,4,4,4,4
Fr9oWfIRPk6Tn0F12240tw==,TfGIkF3bXEiYLwcS1YuPug==,0.0,1.0,0.0,1,22,4,0,0,4,4,4,4,4
Fr9oWfIRPk6Tn0F12240tw==,TfGIkF3bXEiYLwcS1YuPug==,0.0,1.0,0.0,1,22,4,0,0,4,4,4,4,4
VCkXEQJxMEaCOzfgHgncSQ==,bJxvJzo2EUK1jZ3XtkgUOA==,47.0,0.0,1.0,1,22,1,0,0,1,1,1,1,1
MWY5bBVHEEOWUfnTwFnnHQ==,2qi05BOcnUekD7VXR2GXPw==,0.0,1.0,3.0,1,22,1,0,0,1,1,1,1,1
gwlc4zxoJEivY9vtdKLc2A==,BwkDwMh9DkGsy2xXQ/Rnrg==,2.0,0.0,1.0,1,22,1,0,0,1,1,1,1,1
00eVKE2/0U6GyaSwxxBq2A==,Dwh4HRLyH06LvYAEqv2abQ==,20.0,0.0,1.0,1,22,1,0,0,1,1,1,1,1
qR8YbQr2PUmE27VvgFzv3w==,KIV9iW0dVkeqiMohbC+Pmw==,31.0,0.0,1.0,1,22,1,0,0,1,1,1,1,1
MWY5bBVHEEOWUfnTwFnnHQ==,9yQIS+5b6E2VtE/fyeOX4g==,0.0,2.0,0.0,1,22,2,0,0,2,2,2,2,2
MWY5bBVHEEOWUfnTwFnnHQ==,9yQIS+5b6E2VtE/fyeOX4g==,0.0,2.0,0.0,1,22,2,0,0,2,2,2,2,2
Fr9oWfIRPk6Tn0F12240tw==,VlEgb3VlLEuVxUAHLHwZQA==,0.0,3.0,0.0,1,22,0,0,1,1,1,1,1,1
wpaU0jdh90qQONu144iIig==,jcGibvHpYkC4i+U7aPnMew==,0.0,2.0,0.0,1,22,1,0,0,1,1,1,1,1
z6qHyTx3M0GmcKYDKB8Avg==,MBfg85ipI0i8N5lWvzMY4Q==,0.0,1.0,0.0,1,22,1,0,0,1,1,1,1,1
MWY5bBVHEEOWUfnTwFnnHQ==,P9l0/QgTqEuwphkYiT5A1g==,0.0,1.0,0.0,1,22,2,0,0,2,2,2,2,2
MWY5bBVHEEOWUfnTwFnnHQ==,P9l0/QgTqEuwphkYiT5A1g==,0.0,1.0,0.0,1,22,2,0,0,2,2,2,2,2
ZGPn2hAg+E+bm+6pAK3e7g==,XjTHmIZ0i0qreUqfy3Sstg==,1.0,4.0,2.0,1,22,1,0,0,1,1,1,1,1
Qf8ONyqk1UiN6+JXj7yudQ==,kOKbKkviJkmr/q3np9WhgQ==,6.0,0.0,1.0,1,22,2,0,0,2,2,2,2,2
Qf8ONyqk1UiN6+JXj7yudQ==,kOKbKkviJkmr/q3np9WhgQ==,6.0,0.0,1.0,1,22,2,0,0,2,2,2,2,2
gwlc4zxoJEivY9vtdKLc2A==,xQmnsiXUxkiifXNDt8TPyw==,0.0,2.0,0.0,1,22,1,0,0,1,1,1,1,1
3a1+o8O8UUuye6u4ZjcoaQ==,9lsRqIf8gUOdzINSa4H1YQ==,0.0,1.0,0.0,1,22,41,20,0,61,61,61,61,61
3a1+o8O8UUuye6u4ZjcoaQ==,9lsRqIf8gUOdzINSa4H1YQ==,0.0,1.0,0.0,1,22,41,20,0,61,61,61,61,61
3a1+o8O8UUuye6u4ZjcoaQ==,9lsRqIf8gUOdzINSa4H1YQ==,0.0,1.0,0.0,1,22,41,20,0,61,61,61,61,61
3a1+o8O8UUuye6u4ZjcoaQ==,9lsRqIf8gUOdzINSa4H1YQ==,0.0,1.0,0.0,1,22,41,20,0,61,61,61,61,61
3a1+o8O8UUuye6u4ZjcoaQ==,9lsRqIf8gUOdzINSa4H1YQ==,0.0,1.0,0.0,1,22,41,20,0,61,61,61,61,61
3a1+o8O8UUuye6u4ZjcoaQ==,9lsRqIf8gUOdzINSa4H1YQ==,0.0,1.0,0.0,1,22,41,20,0,61,61,61,61,61
3a1+o8O8UUuye6u4ZjcoaQ==,9lsRqIf8gUOdzINSa4H1YQ==,0.0,1.0,0.0,1,22,41,20,0,61,61,61,61,61
3a1+o8O8UUuye6u4ZjcoaQ==,9lsRqIf8gUOdzINSa4H1YQ==,0.0,1.0,0.0,1,22,41,20,0,61,61,61,61,61
3a1+o8O8UUuye6u4ZjcoaQ==,9lsRqIf8gUOdzINSa4H1YQ==,0.0,1.0,0.0,1,22,41,20,0,61,61,61,61,61
3a1+o8O8UUuye6u4ZjcoaQ==,9lsRqIf8gUOdzINSa4H1YQ==,0.0,1.0,0.0,1,22,41,20,0,61,61,61,61,61
3a1+o8O8UUuye6u4ZjcoaQ==,9lsRqIf8gUOdzINSa4H1YQ==,0.0,1.0,0.0,1,22,41,20,0,61,61,61,61,61
3a1+o8O8UUuye6u4ZjcoaQ==,9lsRqIf8gUOdzINSa4H1YQ==,0.0,1.0,0.0,1,22,41,20,0,61,61,61,61,61
3a1+o8O8UUuye6u4ZjcoaQ==,9lsRqIf8gUOdzINSa4H1YQ==,0.0,1.0,0.0,1,22,41,20,0,61,61,61,61,61
3a1+o8O8UUuye6u4ZjcoaQ==,9lsRqIf8gUOdzINSa4H1YQ==,0.0,1.0,0.0,1,22,41,20,0,61,61,61,61,61
3a1+o8O8UUuye6u4ZjcoaQ==,9lsRqIf8gUOdzINSa4H1YQ==,0.0,1.0,0.0,1,22,41,20,0,61,61,61,61,61
3a1+o8O8UUuye6u4ZjcoaQ==,9lsRqIf8gUOdzINSa4H1YQ==,0.0,1.0,0.0,1,22,41,20,0,61,61,61,61,61
3a1+o8O8UUuye6u4ZjcoaQ==,9lsRqIf8gUOdzINSa4H1YQ==,0.0,1.0,0.0,1,22,41,20,0,61,61,61,61,61
3a1+o8O8UUuye6u4ZjcoaQ==,9lsRqIf8gUOdzINSa4H1YQ==,0.0,1.0,0.0,1,22,41,20,0,61,61,61,61,61
3a1+o8O8UUuye6u4ZjcoaQ==,9lsRqIf8gUOdzINSa4H1YQ==,0.0,1.0,0.0,1,22,41,20,0,61,61,61,61,61
3a1+o8O8UUuye6u4ZjcoaQ==,9lsRqIf8gUOdzINSa4H1YQ==,0.0,1.0,0.0,1,22,41,20,0,61,61,61,61,61
3a1+o8O8UUuye6u4ZjcoaQ==,9lsRqIf8gUOdzINSa4H1YQ==,0.0,1.0,0.0,1,22,41,20,0,61,61,61,61,61
3a1+o8O8UUuye6u4ZjcoaQ==,9lsRqIf8gUOdzINSa4H1YQ==,0.0,1.0,0.0,1,22,41,20,0,61,61,61,61,61
3a1+o8O8UUuye6u4ZjcoaQ==,9lsRqIf8gUOdzINSa4H1YQ==,0.0,1.0,0.0,1,22,41,20,0,61,61,61,61,61
3a1+o8O8UUuye6u4ZjcoaQ==,9lsRqIf8gUOdzINSa4H1YQ==,0.0,1.0,0.0,1,22,41,20,0,61,61,61,61,61
3a1+o8O8UUuye6u4ZjcoaQ==,9lsRqIf8gUOdzINSa4H1YQ==,0.0,1.0,0.0,1,22,41,20,0,61,61,61,61,61
3a1+o8O8UUuye6u4ZjcoaQ==,9lsRqIf8gUOdzINSa4H1YQ==,0.0,1.0,0.0,1,22,41,20,0,61,61,61,61,61
3a1+o8O8UUuye6u4ZjcoaQ==,9lsRqIf8gUOdzINSa4H1YQ==,0.0,1.0,0.0,1,22,41,20,0,61,61,61,61,61
3a1+o8O8UUuye6u4ZjcoaQ==,9lsRqIf8gUOdzINSa4H1YQ==,0.0,1.0,0.0,1,22,41,20,0,61,61,61,61,61
3a1+o8O8UUuye6u4ZjcoaQ==,9lsRqIf8gUOdzINSa4H1YQ==,0.0,1.0,0.0,1,22,41,20,0,61,61,61,61,61
3a1+o8O8UUuye6u4ZjcoaQ==,9lsRqIf8gUOdzINSa4H1YQ==,0.0,1.0,0.0,1,22,41,20,0,61,61,61,61,61
3a1+o8O8UUuye6u4ZjcoaQ==,9lsRqIf8gUOdzINSa4H1YQ==,0.0,1.0,0.0,1,22,41,20,0,61,61,61,61,61
3a1+o8O8UUuye6u4ZjcoaQ==,9lsRqIf8gUOdzINSa4H1YQ==,0.0,1.0,0.0,1,22,41,20,0,61,61,61,61,61
3a1+o8O8UUuye6u4ZjcoaQ==,9lsRqIf8gUOdzINSa4H1YQ==,0.0,1.0,0.0,1,22,41,20,0,61,61,61,61,61
3a1+o8O8UUuye6u4ZjcoaQ==,9lsRqIf8gUOdzINSa4H1YQ==,0.0,1.0,0.0,1,22,41,20,0,61,61,61,61,61
3a1+o8O8UUuye6u4ZjcoaQ==,9lsRqIf8gUOdzINSa4H1YQ==,0.0,1.0,0.0,1,22,41,20,0,61,61,61,61,61
3a1+o8O8UUuye6u4ZjcoaQ==,9lsRqIf8gUOdzINSa4H1YQ==,0.0,1.0,0.0,1,22,41,20,0,61,61,61,61,61
3a1+o8O8UUuye6u4ZjcoaQ==,9lsRqIf8gUOdzINSa4H1YQ==,0.0,1.0,0.0,1,22,41,20,0,61,61,61,61,61
3a1+o8O8UUuye6u4ZjcoaQ==,9lsRqIf8gUOdzINSa4H1YQ==,0.0,1.0,0.0,1,22,41,20,0,61,61,61,61,61
3a1+o8O8UUuye6u4ZjcoaQ==,9lsRqIf8gUOdzINSa4H1YQ==,0.0,1.0,0.0,1,22,41,20,0,61,61,61,61,61
3a1+o8O8UUuye6u4ZjcoaQ==,9lsRqIf8gUOdzINSa4H1YQ==,0.0,1.0,0.0,1,22,41,20,0,61,61,61,61,61
3a1+o8O8UUuye6u4ZjcoaQ==,9lsRqIf8gUOdzINSa4H1YQ==,0.0,1.0,0.0,1,22,41,20,0,61,61,61,61,61
3a1+o8O8UUuye6u4ZjcoaQ==,9lsRqIf8gUOdzINSa4H1YQ==,0.0,1.0,0.0,1,22,41,20,0,61,61,61,61,61
3a1+o8O8UUuye6u4ZjcoaQ==,9lsRqIf8gUOdzINSa4H1YQ==,0.0,1.0,0.0,1,22,41,20,0,61,61,61,61,61
3a1+o8O8UUuye6u4ZjcoaQ==,9lsRqIf8gUOdzINSa4H1YQ==,0.0,1.0,0.0,1,22,41,20,0,61,61,61,61,61
3a1+o8O8UUuye6u4ZjcoaQ==,9lsRqIf8gUOdzINSa4H1YQ==,0.0,1.0,0.0,1,22,41,20,0,61,61,61,61,61
3a1+o8O8UUuye6u4ZjcoaQ==,9lsRqIf8gUOdzINSa4H1YQ==,0.0,1.0,0.0,1,22,41,20,0,61,61,61,61,61
3a1+o8O8UUuye6u4ZjcoaQ==,9lsRqIf8gUOdzINSa4H1YQ==,0.0,1.0,0.0,1,22,41,20,0,61,61,61,61,61
3a1+o8O8UUuye6u4ZjcoaQ==,9lsRqIf8gUOdzINSa4H1YQ==,0.0,1.0,0.0,1,22,41,20,0,61,61,61,61,61
3a1+o8O8UUuye6u4ZjcoaQ==,9lsRqIf8gUOdzINSa4H1YQ==,0.0,1.0,0.0,1,22,41,20,0,61,61,61,61,61
3a1+o8O8UUuye6u4ZjcoaQ==,9lsRqIf8gUOdzINSa4H1YQ==,0.0,1.0,0.0,1,22,41,20,0,61,61,61,61,61
3a1+o8O8UUuye6u4ZjcoaQ==,9lsRqIf8gUOdzINSa4H1YQ==,0.0,1.0,0.0,1,22,41,20,0,61,61,61,61,61
3a1+o8O8UUuye6u4ZjcoaQ==,9lsRqIf8gUOdzINSa4H1YQ==,0.0,1.0,0.0,1,22,41,20,0,61,61,61,61,61
3a1+o8O8UUuye6u4ZjcoaQ==,9lsRqIf8gUOdzINSa4H1YQ==,0.0,1.0,0.0,1,22,41,20,0,61,61,61,61,61
3a1+o8O8UUuye6u4ZjcoaQ==,9lsRqIf8gUOdzINSa4H1YQ==,0.0,1.0,0.0,1,22,41,20,0,61,61,61,61,61
3a1+o8O8UUuye6u4ZjcoaQ==,9lsRqIf8gUOdzINSa4H1YQ==,0.0,1.0,0.0,1,22,41,20,0,61,61,61,61,61
3a1+o8O8UUuye6u4ZjcoaQ==,9lsRqIf8gUOdzINSa4H1YQ==,0.0,1.0,0.0,1,22,41,20,0,61,61,61,61,61
3a1+o8O8UUuye6u4ZjcoaQ==,9lsRqIf8gUOdzINSa4H1YQ==,0.0,1.0,0.0,1,22,41,20,0,61,61,61,61,61
3a1+o8O8UUuye6u4ZjcoaQ==,9lsRqIf8gUOdzINSa4H1YQ==,0.0,1.0,0.0,1,22,41,20,0,61,61,61,61,61
3a1+o8O8UUuye6u4ZjcoaQ==,9lsRqIf8gUOdzINSa4H1YQ==,0.0,1.0,0.0,1,22,41,20,0,61,61,61,61,61
3a1+o8O8UUuye6u4ZjcoaQ==,9lsRqIf8gUOdzINSa4H1YQ==,0.0,1.0,0.0,1,22,41,20,0,61,61,61,61,61
3a1+o8O8UUuye6u4ZjcoaQ==,9lsRqIf8gUOdzINSa4H1YQ==,0.0,1.0,0.0,1,22,41,20,0,61,61,61,61,61
z6qHyTx3M0GmcKYDKB8Avg==,CYkjnOZr7EmP4MtwpMbumA==,5.0,0.0,1.0,1,22,1,0,0,1,1,1,1,1
MWY5bBVHEEOWUfnTwFnnHQ==,Ho4orn61qUSpp92dIM8B7A==,0.0,1.0,0.0,1,22,3,0,0,3,3,3,3,3
MWY5bBVHEEOWUfnTwFnnHQ==,Ho4orn61qUSpp92dIM8B7A==,0.0,1.0,0.0,1,22,3,0,0,3,3,3,3,3
MWY5bBVHEEOWUfnTwFnnHQ==,Ho4orn61qUSpp92dIM8B7A==,0.0,1.0,0.0,1,22,3,0,0,3,3,3,3,3
ZtJ8139qUky3aIopjjo8Fw==,azo38pph+Eqcp4RlQ0Zttg==,2.0,0.0,1.0,1,22,2,0,0,2,2,2,2,2
ZtJ8139qUky3aIopjjo8Fw==,azo38pph+Eqcp4RlQ0Zttg==,2.0,0.0,1.0,1,22,2,0,0,2,2,2,2,2
MWY5bBVHEEOWUfnTwFnnHQ==,l6P9e1urdUWpgrvSOkRUIQ==,0.0,0.0,1.0,1,22,1,0,0,1,1,1,1,1
gwlc4zxoJEivY9vtdKLc2A==,0+N9PB8u+U+bX3RTzsboPA==,0.0,1.0,0.0,1,22,1,0,0,1,1,1,1,1
j2Z1d/CPMkuLWpYXL5H6Fg==,Edm+pAixt0CLDbv7gJDwQw==,0.0,1.0,0.0,1,22,0,1,0,1,1,1,1,1
j2Z1d/CPMkuLWpYXL5H6Fg==,WbABgESYgU+IwfERkZVGZw==,6.0,0.0,1.0,1,22,1,0,0,1,1,1,1,1
O0gXPxm1z0yo2WOV0o+Xkw==,qaUV9Jd6MEOaTvC3Z7HlFA==,0.0,3.0,0.0,1,22,1,0,0,1,1,1,1,1
z6qHyTx3M0GmcKYDKB8Avg==,3NItUkG8Z0+DrUs4cGpw6g==,49.0,0.0,1.0,1,22,2,0,0,2,2,2,2,2
z6qHyTx3M0GmcKYDKB8Avg==,3NItUkG8Z0+DrUs4cGpw6g==,49.0,0.0,1.0,1,22,2,0,0,2,2,2,2,2
MWY5bBVHEEOWUfnTwFnnHQ==,5+NjQH9MRUa1k2HdcPUOZA==,0.0,1.0,0.0,1,22,1,0,0,1,1,1,1,1
uhJ8dNACsEKUiAkCKhnAfw==,7PGgSO5JQEGHtx7uBMKTHw==,0.0,1.0,0.0,1,22,2,0,0,2,2,2,2,2
uhJ8dNACsEKUiAkCKhnAfw==,7PGgSO5JQEGHtx7uBMKTHw==,0.0,1.0,0.0,1,22,2,0,0,2,2,2,2,2
00eVKE2/0U6GyaSwxxBq2A==,OICTndZgFECyhQp1YuWVBg==,0.0,2.0,0.0,1,22,1,0,0,1,1,1,1,1
gwlc4zxoJEivY9vtdKLc2A==,h1SqCcEcjUWm/KOXdRA2Vw==,0.0,1.0,0.0,1,22,1,0,0,1,1,1,1,1
kp2ev3khwEeVqZ7qW0pJug==,PB7wraly10uF/xjRsCFSWw==,78.0,0.0,1.0,1,22,1,0,0,1,1,1,1,1
isw9x3gmOku+edNqJ3vyaQ==,iRmsqkFDc0KDk9CP6w2hTg==,0.0,3.0,0.0,1,22,2,0,0,2,2,2,2,2
isw9x3gmOku+edNqJ3vyaQ==,iRmsqkFDc0KDk9CP6w2hTg==,0.0,3.0,0.0,1,22,2,0,0,2,2,2,2,2
giY70S63zEKSA+4fCiC2jQ==,j2zDJyflz0q67P+DFglP/Q==,0.0,2.0,0.0,1,22,2,0,0,2,2,2,2,2
giY70S63zEKSA+4fCiC2jQ==,j2zDJyflz0q67P+DFglP/Q==,0.0,2.0,0.0,1,22,2,0,0,2,2,2,2,2
lKoFpuHAH06xje2KqaS8Fw==,t7qQ5/3CrECxn1/iACJ+5w==,14.0,0.0,1.0,1,22,1,0,0,1,1,1,1,1
00eVKE2/0U6GyaSwxxBq2A==,tZvQQu/J7EWSAE0J8w9Aow==,1.0,4.0,2.0,1,22,1,0,0,1,1,1,1,1
isw9x3gmOku+edNqJ3vyaQ==,AlLQFFDOVkq0biXn8dz6Lg==,0.0,1.0,0.0,1,22,2,0,0,2,2,2,2,2
isw9x3gmOku+edNqJ3vyaQ==,AlLQFFDOVkq0biXn8dz6Lg==,0.0,1.0,0.0,1,22,2,0,0,2,2,2,2,2
j2Z1d/CPMkuLWpYXL5H6Fg==,W205FDJpRUaCRyDXT2MyUQ==,16.0,0.0,1.0,1,22,0,2,0,2,2,2,2,2
j2Z1d/CPMkuLWpYXL5H6Fg==,W205FDJpRUaCRyDXT2MyUQ==,16.0,0.0,1.0,1,22,0,2,0,2,2,2,2,2
gwlc4zxoJEivY9vtdKLc2A==,cdmvoEW1Ck2/Od+UceIp4Q==,5.0,0.0,1.0,1,22,1,0,0,1,1,1,1,1
VBx8f+FnZUqmVAadfMLbjg==,LwpniVr4mkCejaB7Z6C7Aw==,6.0,0.0,1.0,1,22,2,0,0,2,2,2,2,2
VBx8f+FnZUqmVAadfMLbjg==,LwpniVr4mkCejaB7Z6C7Aw==,6.0,0.0,1.0,1,22,2,0,0,2,2,2,2,2
VCkXEQJxMEaCOzfgHgncSQ==,tpN/VhkQvUuXtcnFLOkVIw==,0.0,2.0,0.0,1,22,1,0,0,1,1,1,1,1
MWY5bBVHEEOWUfnTwFnnHQ==,5MVAuPoPdE6M9OGcTg8agg==,0.0,1.0,0.0,1,22,2,0,0,2,2,2,2,2
MWY5bBVHEEOWUfnTwFnnHQ==,5MVAuPoPdE6M9OGcTg8agg==,0.0,1.0,0.0,1,22,2,0,0,2,2,2,2,2
s3OZK7PnfEGie/lXN939ww==,DIOMuidkCUOtZ0LJOpnFnA==,28.0,0.0,1.0,1,22,1,0,0,1,1,1,1,1
3a1+o8O8UUuye6u4ZjcoaQ==,OGQ9BK+bjEi6zmSqIMwRYg==,21.0,0.0,1.0,1,22,2,0,0,2,2,2,2,2
3a1+o8O8UUuye6u4ZjcoaQ==,OGQ9BK+bjEi6zmSqIMwRYg==,21.0,0.0,1.0,1,22,2,0,0,2,2,2,2,2
3a1+o8O8UUuye6u4ZjcoaQ==,oRCxZ44Ug0Cp5eNWgnbgjw==,2.0,0.0,1.0,1,22,1,0,0,1,1,1,1,1
bsKc1tAibEmZ+BwwISsw0Q==,JephBPIFN0qzsn7BjtXb3A==,0.0,2.0,0.0,1,22,1,0,0,1,1,1,1,1
z6qHyTx3M0GmcKYDKB8Avg==,iHnA8dzqo0KcpV5grTCyhw==,0.0,1.0,0.0,1,22,2,0,0,2,2,2,2,2
z6qHyTx3M0GmcKYDKB8Avg==,iHnA8dzqo0KcpV5grTCyhw==,0.0,1.0,0.0,1,22,2,0,0,2,2,2,2,2
bsKc1tAibEmZ+BwwISsw0Q==,j1Orhf6iH0OCrp0otyAqHw==,10.0,0.0,1.0,1,22,1,0,11,12,12,12,12,12
bsKc1tAibEmZ+BwwISsw0Q==,j1Orhf6iH0OCrp0otyAqHw==,10.0,0.0,1.0,1,22,1,0,11,12,12,12,12,12
bsKc1tAibEmZ+BwwISsw0Q==,j1Orhf6iH0OCrp0otyAqHw==,10.0,0.0,1.0,1,22,1,0,11,12,12,12,12,12
bsKc1tAibEmZ+BwwISsw0Q==,j1Orhf6iH0OCrp0otyAqHw==,10.0,0.0,1.0,1,22,1,0,11,12,12,12,12,12
bsKc1tAibEmZ+BwwISsw0Q==,j1Orhf6iH0OCrp0otyAqHw==,10.0,0.0,1.0,1,22,1,0,11,12,12,12,12,12
bsKc1tAibEmZ+BwwISsw0Q==,j1Orhf6iH0OCrp0otyAqHw==,10.0,0.0,1.0,1,22,1,0,11,12,12,12,12,12
bsKc1tAibEmZ+BwwISsw0Q==,j1Orhf6iH0OCrp0otyAqHw==,10.0,0.0,1.0,1,22,1,0,11,12,12,12,12,12
bsKc1tAibEmZ+BwwISsw0Q==,j1Orhf6iH0OCrp0otyAqHw==,10.0,0.0,1.0,1,22,1,0,11,12,12,12,12,12
bsKc1tAibEmZ+BwwISsw0Q==,j1Orhf6iH0OCrp0otyAqHw==,10.0,0.0,1.0,1,22,1,0,11,12,12,12,12,12
bsKc1tAibEmZ+BwwISsw0Q==,j1Orhf6iH0OCrp0otyAqHw==,10.0,0.0,1.0,1,22,1,0,11,12,12,12,12,12
bsKc1tAibEmZ+BwwISsw0Q==,j1Orhf6iH0OCrp0otyAqHw==,10.0,0.0,1.0,1,22,1,0,11,12,12,12,12,12
bsKc1tAibEmZ+BwwISsw0Q==,j1Orhf6iH0OCrp0otyAqHw==,10.0,0.0,1.0,1,22,1,0,11,12,12,12,12,12
giY70S63zEKSA+4fCiC2jQ==,uSp1TNhSy0y6EG409XxVsw==,0.0,2.0,0.0,1,22,1,0,0,1,1,1,1,1
rtieEqQqcEu0sMoF3BR0Cg==,I41NUq0PTU2XqpvOxCvC8g==,68.0,0.0,1.0,1,22,1,0,0,1,1,1,1,1
U/+57LK74UaiC+M9AJ/KfQ==,V/DUf/oHcEGzdEn1v+9w5w==,0.0,1.0,0.0,1,22,2,0,0,2,2,2,2,2
U/+57LK74UaiC+M9AJ/KfQ==,V/DUf/oHcEGzdEn1v+9w5w==,0.0,1.0,0.0,1,22,2,0,0,2,2,2,2,2
isw9x3gmOku+edNqJ3vyaQ==,e9kCD7QAskGn5naQ74v8PA==,0.0,1.0,0.0,1,22,1,0,0,1,1,1,1,1
MWY5bBVHEEOWUfnTwFnnHQ==,7KMXU0yAKkynNKBdXv76Wg==,0.0,1.0,0.0,1,22,1,1,0,2,2,2,2,2
MWY5bBVHEEOWUfnTwFnnHQ==,7KMXU0yAKkynNKBdXv76Wg==,0.0,1.0,0.0,1,22,1,1,0,2,2,2,2,2
Fr9oWfIRPk6Tn0F12240tw==,qa274rs/HESeH6N2pckCXQ==,0.0,7.0,0.0,1,22,0,1,0,1,1,1,1,1
Fr9oWfIRPk6Tn0F12240tw==,EDMHp3yjAU2DsJ8A8SQLNA==,0.0,1.0,0.0,1,22,1,0,0,1,1,1,1,1
gwlc4zxoJEivY9vtdKLc2A==,aTaYKCTMCEiEozD8wn7Fqg==,0.0,1.0,0.0,1,22,1,1,0,2,2,2,2,2
gwlc4zxoJEivY9vtdKLc2A==,aTaYKCTMCEiEozD8wn7Fqg==,0.0,1.0,0.0,1,22,1,1,0,2,2,2,2,2
ZtJ8139qUky3aIopjjo8Fw==,eqwkWebrL0ypiXtiNyS7pA==,0.0,2.0,0.0,1,22,1,0,0,1,1,1,1,1
M1+3xXFmE0q6b+9HVdxQ1w==,xC21mVXl702lVe45F2R+Og==,0.0,2.0,0.0,1,22,8,0,0,8,8,8,8,8
M1+3xXFmE0q6b+9HVdxQ1w==,xC21mVXl702lVe45F2R+Og==,0.0,2.0,0.0,1,22,8,0,0,8,8,8,8,8
M1+3xXFmE0q6b+9HVdxQ1w==,xC21mVXl702lVe45F2R+Og==,0.0,2.0,0.0,1,22,8,0,0,8,8,8,8,8
M1+3xXFmE0q6b+9HVdxQ1w==,xC21mVXl702lVe45F2R+Og==,0.0,2.0,0.0,1,22,8,0,0,8,8,8,8,8
M1+3xXFmE0q6b+9HVdxQ1w==,xC21mVXl702lVe45F2R+Og==,0.0,2.0,0.0,1,22,8,0,0,8,8,8,8,8
M1+3xXFmE0q6b+9HVdxQ1w==,xC21mVXl702lVe45F2R+Og==,0.0,2.0,0.0,1,22,8,0,0,8,8,8,8,8
M1+3xXFmE0q6b+9HVdxQ1w==,xC21mVXl702lVe45F2R+Og==,0.0,2.0,0.0,1,22,8,0,0,8,8,8,8,8
M1+3xXFmE0q6b+9HVdxQ1w==,xC21mVXl702lVe45F2R+Og==,0.0,2.0,0.0,1,22,8,0,0,8,8,8,8,8
giY70S63zEKSA+4fCiC2jQ==,09X0A57EqECNjPi7W2maCg==,42.0,0.0,1.0,1,22,1,0,0,1,1,1,1,1
MWY5bBVHEEOWUfnTwFnnHQ==,VIR9bRfnWUGNkdgtppxnzQ==,0.0,1.0,0.0,1,22,2,0,0,2,2,2,2,2
MWY5bBVHEEOWUfnTwFnnHQ==,VIR9bRfnWUGNkdgtppxnzQ==,0.0,1.0,0.0,1,22,2,0,0,2,2,2,2,2
qR8YbQr2PUmE27VvgFzv3w==,b+vhlbXXVkuQoKF5npCT0A==,15.0,0.0,1.0,1,22,2,0,0,2,2,2,2,2
qR8YbQr2PUmE27VvgFzv3w==,b+vhlbXXVkuQoKF5npCT0A==,15.0,0.0,1.0,1,22,2,0,0,2,2,2,2,2
giY70S63zEKSA+4fCiC2jQ==,nCK+V/Axn0Wq0836r2rH5w==,0.0,0.0,1.0,1,22,2,0,0,2,2,2,2,2
giY70S63zEKSA+4fCiC2jQ==,nCK+V/Axn0Wq0836r2rH5w==,0.0,0.0,1.0,1,22,2,0,0,2,2,2,2,2
bsKc1tAibEmZ+BwwISsw0Q==,UJhWjzc+hUCVBAqkwIwHMw==,4.0,0.0,1.0,1,22,1,0,0,1,1,1,1,1
bsKc1tAibEmZ+BwwISsw0Q==,/oLTCid9QkK/gvoUCabn/Q==,0.0,1.0,0.0,1,22,1,0,0,1,1,1,1,1
VBx8f+FnZUqmVAadfMLbjg==,7a4W/hNBkEKg4Za8oDrnMw==,27.0,0.0,1.0,1,22,1,0,0,1,1,1,1,1
M1+3xXFmE0q6b+9HVdxQ1w==,ctN7PrMvPEyW6C18wrxZsA==,0.0,1.0,0.0,1,22,1,0,0,1,1,1,1,1
kp2ev3khwEeVqZ7qW0pJug==,agrJpJ/uaUK8Y32uKR1zVA==,0.0,2.0,0.0,1,22,2,0,0,2,2,2,2,2
kp2ev3khwEeVqZ7qW0pJug==,agrJpJ/uaUK8Y32uKR1zVA==,0.0,2.0,0.0,1,22,2,0,0,2,2,2,2,2
Fr9oWfIRPk6Tn0F12240tw==,hmHDFn5Ix0WVrlCJ4LvPSA==,0.0,1.0,0.0,1,22,1,0,0,1,1,1,1,1
MWY5bBVHEEOWUfnTwFnnHQ==,5pSS7TDGmk2v22zz/BAHqA==,0.0,1.0,0.0,1,22,1,0,0,1,1,1,1,1
O0gXPxm1z0yo2WOV0o+Xkw==,ptxv4MWDVEGcLUn0JD8bZg==,18.0,0.0,1.0,1,22,1,0,0,1,1,1,1,1
wpaU0jdh90qQONu144iIig==,2vQL9fmnkU2QWDl6Zh4bLw==,0.0,1.0,0.0,1,22,0,1,0,1,1,1,1,1
z6qHyTx3M0GmcKYDKB8Avg==,MUuw8EWIZ0WgtbMYTE5Exw==,0.0,1.0,0.0,1,22,1,0,0,1,1,1,1,1
CfTD2DR1KkKRZwZPIYKnKA==,P7A3ZIR+PkCfECL/9mtupQ==,5.0,0.0,1.0,1,22,0,0,1,1,1,1,1,1
Fr9oWfIRPk6Tn0F12240tw==,UqHUiKtep0qsmerDgdEWlw==,16.0,0.0,1.0,1,22,1,0,0,1,1,1,1,1
ZGPn2hAg+E+bm+6pAK3e7g==,V/F8N7PD9EuCjXnVWj3Avw==,1.0,4.0,5.0,1,22,2,0,0,2,2,2,2,2
ZGPn2hAg+E+bm+6pAK3e7g==,V/F8N7PD9EuCjXnVWj3Avw==,1.0,4.0,5.0,1,22,2,0,0,2,2,2,2,2
giY70S63zEKSA+4fCiC2jQ==,e992/GLzck+Ul1B5yx4ylw==,2.0,0.0,1.0,1,22,1,0,0,1,1,1,1,1
isw9x3gmOku+edNqJ3vyaQ==,iTW6rBgBQk2ND3bDczFM9g==,0.0,1.0,0.0,1,22,1,0,0,1,1,1,1,1
bsKc1tAibEmZ+BwwISsw0Q==,iaoYu2ixZkqMqliFBH1/YQ==,0.0,2.0,0.0,1,22,1,0,0,1,1,1,1,1
lKoFpuHAH06xje2KqaS8Fw==,jLsWdr0oe0mqd7etzP6Buw==,2.0,0.0,1.0,1,22,1,0,0,1,1,1,1,1
VCkXEQJxMEaCOzfgHgncSQ==,jRleLSwy5EeRhWAfHX+21g==,0.0,0.0,1.0,1,22,1,0,0,1,1,1,1,1
3a1+o8O8UUuye6u4ZjcoaQ==,nJwJFqk/Ekuf12y5utQyMw==,37.0,0.0,1.0,1,22,2,0,0,2,2,2,2,2
3a1+o8O8UUuye6u4ZjcoaQ==,nJwJFqk/Ekuf12y5utQyMw==,37.0,0.0,1.0,1,22,2,0,0,2,2,2,2,2
O0gXPxm1z0yo2WOV0o+Xkw==,xpRXulpB5kySbXpMfiBb6A==,0.0,1.0,0.0,1,22,1,0,0,1,1,1,1,1
giY70S63zEKSA+4fCiC2jQ==,1Fj+8lCtDEOaWD3FdXoXbg==,0.0,1.0,0.0,1,22,1,0,0,1,1,1,1,1
MWY5bBVHEEOWUfnTwFnnHQ==,UpBNWlT8iEGyV8fpEVNI+A==,11.0,0.0,1.0,1,22,1,0,0,1,1,1,1,1
c689Vmfb3EGqG5j73gg3yQ==,aqT+WNfSb0qPw2GvQ07etQ==,0.0,3.0,0.0,1,22,8,0,0,8,8,8,8,8
c689Vmfb3EGqG5j73gg3yQ==,aqT+WNfSb0qPw2GvQ07etQ==,0.0,3.0,0.0,1,22,8,0,0,8,8,8,8,8
c689Vmfb3EGqG5j73gg3yQ==,aqT+WNfSb0qPw2GvQ07etQ==,0.0,3.0,0.0,1,22,8,0,0,8,8,8,8,8
c689Vmfb3EGqG5j73gg3yQ==,aqT+WNfSb0qPw2GvQ07etQ==,0.0,3.0,0.0,1,22,8,0,0,8,8,8,8,8
c689Vmfb3EGqG5j73gg3yQ==,aqT+WNfSb0qPw2GvQ07etQ==,0.0,3.0,0.0,1,22,8,0,0,8,8,8,8,8
c689Vmfb3EGqG5j73gg3yQ==,aqT+WNfSb0qPw2GvQ07etQ==,0.0,3.0,0.0,1,22,8,0,0,8,8,8,8,8
c689Vmfb3EGqG5j73gg3yQ==,aqT+WNfSb0qPw2GvQ07etQ==,0.0,3.0,0.0,1,22,8,0,0,8,8,8,8,8
c689Vmfb3EGqG5j73gg3yQ==,aqT+WNfSb0qPw2GvQ07etQ==,0.0,3.0,0.0,1,22,8,0,0,8,8,8,8,8
kp2ev3khwEeVqZ7qW0pJug==,+D6RkoM+d0KfTTS88GdFOw==,34.0,0.0,1.0,1,22,3,0,0,3,3,3,3,3
kp2ev3khwEeVqZ7qW0pJug==,+D6RkoM+d0KfTTS88GdFOw==,34.0,0.0,1.0,1,22,3,0,0,3,3,3,3,3
kp2ev3khwEeVqZ7qW0pJug==,+D6RkoM+d0KfTTS88GdFOw==,34.0,0.0,1.0,1,22,3,0,0,3,3,3,3,3
bsKc1tAibEmZ+BwwISsw0Q==,5XINivRQr0ic4c/oKOFqAA==,2.0,0.0,1.0,1,22,0,1,0,1,1,1,1,1
Fr9oWfIRPk6Tn0F12240tw==,WA76wJwKx02cLvgvfMfhxw==,6.0,0.0,1.0,1,22,1,0,0,1,1,1,1,1
Fr9oWfIRPk6Tn0F12240tw==,qp2Gzlzf+U+TxcZAsfVYyQ==,0.0,5.0,0.0,1,22,1,0,0,1,1,1,1,1
3a1+o8O8UUuye6u4ZjcoaQ==,4B0cDJMP1Ee3DHwOCBk0hQ==,0.0,3.0,0.0,1,22,1,0,0,1,1,1,1,1
mIIyZtMCUEmDvi0oNGvZGQ==,OuldZi1RJU+5A91Xfqdfog==,22.0,0.0,1.0,1,22,1,0,0,1,1,1,1,1
isw9x3gmOku+edNqJ3vyaQ==,U5wyFyHrzUqRgjyFnmEtbg==,2.0,0.0,1.0,1,22,1,0,0,1,1,1,1,1
Vfb5r+7yXk68byerajScsQ==,P/UWuKY8jkmD8zEJpjR7AQ==,0.0,2.0,0.0,1,22,2,0,0,2,2,2,2,2
Vfb5r+7yXk68byerajScsQ==,P/UWuKY8jkmD8zEJpjR7AQ==,0.0,2.0,0.0,1,22,2,0,0,2,2,2,2,2
kp2ev3khwEeVqZ7qW0pJug==,ex7vhGO23UGzTQ1GJi5zrA==,0.0,7.0,0.0,1,22,2,0,0,2,2,2,2,2
kp2ev3khwEeVqZ7qW0pJug==,ex7vhGO23UGzTQ1GJi5zrA==,0.0,0.0,1.0,1,22,2,0,0,2,2,2,2,2
bsKc1tAibEmZ+BwwISsw0Q==,3/EuOVq/ukWEBWtpDtSBRQ==,12.0,0.0,1.0,1,22,1,0,0,1,1,1,1,1
bsKc1tAibEmZ+BwwISsw0Q==,7ahWbk7RmEeVQhsHoR6uIg==,13.0,0.0,1.0,1,22,1,0,0,1,1,1,1,1
Vfb5r+7yXk68byerajScsQ==,uvxpa956mEWEuwhArGHhKQ==,0.0,2.0,0.0,1,22,3,0,0,3,3,3,3,3
Vfb5r+7yXk68byerajScsQ==,uvxpa956mEWEuwhArGHhKQ==,0.0,2.0,0.0,1,22,3,0,0,3,3,3,3,3
Vfb5r+7yXk68byerajScsQ==,uvxpa956mEWEuwhArGHhKQ==,0.0,2.0,0.0,1,22,3,0,0,3,3,3,3,3
kp2ev3khwEeVqZ7qW0pJug==,egEEYvJO2ESmWq+yBLpK2g==,0.0,3.0,4.0,1,22,1,0,0,1,1,1,1,1
EsCYia3Mx0COa0vjEDU9dA==,mhIUDnr1s02pgD8cMgZlZQ==,0.0,2.0,0.0,1,22,1,0,0,1,1,1,1,1
NKBRx5hRm0GeNOCnjGipVg==,zZA2D+XFlkWPUSl7gRWq7w==,38.0,0.0,1.0,1,22,1,0,0,1,1,1,1,1
qR8YbQr2PUmE27VvgFzv3w==,TsaTwpVqjUi6f8fc3Tx6QA==,54.0,0.0,1.0,1,22,1,0,0,1,1,1,1,1
MWY5bBVHEEOWUfnTwFnnHQ==,i5cdJehT/Eunes65LRQhfA==,0.0,1.0,0.0,1,22,2,0,0,2,2,2,2,2
MWY5bBVHEEOWUfnTwFnnHQ==,i5cdJehT/Eunes65LRQhfA==,0.0,1.0,0.0,1,22,2,0,0,2,2,2,2,2
3a1+o8O8UUuye6u4ZjcoaQ==,NisT2sPWjUSOJAccYHHj+g==,25.0,0.0,1.0,1,22,1,0,0,1,1,1,1,1
MWY5bBVHEEOWUfnTwFnnHQ==,f2UNAC48hUOkPH3YOd+h4A==,0.0,1.0,0.0,1,22,1,0,0,1,1,1,1,1
bsKc1tAibEmZ+BwwISsw0Q==,rymLKYY5N06cknb7oEv6SQ==,5.0,0.0,1.0,1,22,1,0,0,1,1,1,1,1
O0gXPxm1z0yo2WOV0o+Xkw==,rzePxyPs4U2tKLDQaXb9kw==,9.0,0.0,1.0,1,22,1,0,0,1,1,1,1,1
VBx8f+FnZUqmVAadfMLbjg==,vHiXivHt7UusoqF0WO1OcQ==,45.0,0.0,1.0,1,22,2,0,0,2,2,2,2,2
VBx8f+FnZUqmVAadfMLbjg==,vHiXivHt7UusoqF0WO1OcQ==,45.0,0.0,1.0,1,22,2,0,0,2,2,2,2,2
qR8YbQr2PUmE27VvgFzv3w==,JNnRw4aU+UGwRP/Him7/uA==,13.0,0.0,1.0,1,22,2,0,0,2,2,2,2,2
qR8YbQr2PUmE27VvgFzv3w==,JNnRw4aU+UGwRP/Him7/uA==,13.0,0.0,1.0,1,22,2,0,0,2,2,2,2,2
bsKc1tAibEmZ+BwwISsw0Q==,yG8YfImujkuMyDce3Neeyw==,6.0,0.0,1.0,1,22,1,0,0,1,1,1,1,1
O0gXPxm1z0yo2WOV0o+Xkw==,aqy3ISI0WE6MOMPmsnx1/A==,4.0,0.0,1.0,1,22,2,0,0,2,2,2,2,2
O0gXPxm1z0yo2WOV0o+Xkw==,aqy3ISI0WE6MOMPmsnx1/A==,4.0,0.0,1.0,1,22,2,0,0,2,2,2,2,2
lKoFpuHAH06xje2KqaS8Fw==,js/S6WQtsEC4VhX9z1Uh4g==,0.0,1.0,0.0,1,22,1,0,0,1,1,1,1,1
00eVKE2/0U6GyaSwxxBq2A==,nVeuMO09F0qlNb2wurxoNg==,18.0,0.0,1.0,1,22,1,0,0,1,1,1,1,1
c689Vmfb3EGqG5j73gg3yQ==,yjtxJLZRFk6ZeT9rmVWllA==,0.0,2.0,4.0,1,22,2,0,0,2,2,2,2,2
c689Vmfb3EGqG5j73gg3yQ==,yjtxJLZRFk6ZeT9rmVWllA==,0.0,2.0,4.0,1,22,2,0,0,2,2,2,2,2
ZGPn2hAg+E+bm+6pAK3e7g==,ENea8NJfuUCqzYX7V2LzAg==,0.0,2.0,0.0,1,22,1,0,0,1,1,1,1,1
MWY5bBVHEEOWUfnTwFnnHQ==,IY4taNoVSUKj/kd6Y4hdxg==,0.0,2.0,3.0,1,22,1,0,0,1,1,1,1,1
MWY5bBVHEEOWUfnTwFnnHQ==,KDOo3LpmPE6nLuq/ZRNrNA==,2.0,0.0,1.0,1,22,1,0,0,1,1,1,1,1
z6qHyTx3M0GmcKYDKB8Avg==,N36ZuJ1/q0uVlCr2MUz5IQ==,9.0,0.0,1.0,1,22,1,0,0,1,1,1,1,1
3a1+o8O8UUuye6u4ZjcoaQ==,PdQaybnPGk6RyLtxbU69Eg==,16.0,0.0,1.0,1,22,1,0,0,1,1,1,1,1
r/mIF223BE6nHHwbe6928g==,Tjutt6j5IUy2H/jTC+sPWA==,66.0,0.0,1.0,1,22,1,0,0,1,1,1,1,1
akJCkvgAh066A9YCHXpVOg==,UqshqgivZUyDrw8Q9w8LSA==,0.0,2.0,0.0,1,22,1,0,0,1,1,1,1,1
MWY5bBVHEEOWUfnTwFnnHQ==,VK53F6hepke3pECtTFHzJg==,0.0,6.0,0.0,1,22,1,0,0,1,1,1,1,1
3a1+o8O8UUuye6u4ZjcoaQ==,u4E/W/rE5EGLIYjOqGpWbQ==,0.0,1.0,0.0,1,22,1,0,0,1,1,1,1,1
giY70S63zEKSA+4fCiC2jQ==,vtYtde8lPU65ddQVKMLMFw==,1.0,4.0,2.0,1,22,1,0,0,1,1,1,1,1
giY70S63zEKSA+4fCiC2jQ==,5dJ3pcfI+UGKlKde/zRpQA==,1.0,4.0,2.0,1,22,1,0,0,1,1,1,1,1
c689Vmfb3EGqG5j73gg3yQ==,jaxSIVNc30K5wIHJ8b59ng==,0.0,3.0,0.0,1,22,8,0,0,8,8,8,8,8
c689Vmfb3EGqG5j73gg3yQ==,jaxSIVNc30K5wIHJ8b59ng==,0.0,3.0,0.0,1,22,8,0,0,8,8,8,8,8
c689Vmfb3EGqG5j73gg3yQ==,jaxSIVNc30K5wIHJ8b59ng==,0.0,3.0,0.0,1,22,8,0,0,8,8,8,8,8
c689Vmfb3EGqG5j73gg3yQ==,jaxSIVNc30K5wIHJ8b59ng==,0.0,3.0,0.0,1,22,8,0,0,8,8,8,8,8
c689Vmfb3EGqG5j73gg3yQ==,jaxSIVNc30K5wIHJ8b59ng==,0.0,3.0,0.0,1,22,8,0,0,8,8,8,8,8
c689Vmfb3EGqG5j73gg3yQ==,jaxSIVNc30K5wIHJ8b59ng==,0.0,3.0,0.0,1,22,8,0,0,8,8,8,8,8
c689Vmfb3EGqG5j73gg3yQ==,jaxSIVNc30K5wIHJ8b59ng==,0.0,3.0,0.0,1,22,8,0,0,8,8,8,8,8
c689Vmfb3EGqG5j73gg3yQ==,jaxSIVNc30K5wIHJ8b59ng==,0.0,3.0,0.0,1,22,8,0,0,8,8,8,8,8
O0gXPxm1z0yo2WOV0o+Xkw==,k8dp+A20pE+afecJ3b+yhA==,0.0,1.0,0.0,1,22,1,0,0,1,1,1,1,1
MWY5bBVHEEOWUfnTwFnnHQ==,v+nE1dOvy0W1sQcXfot73Q==,2.0,0.0,1.0,1,22,2,0,0,2,2,2,2,2
MWY5bBVHEEOWUfnTwFnnHQ==,v+nE1dOvy0W1sQcXfot73Q==,2.0,0.0,1.0,1,22,2,0,0,2,2,2,2,2
z6qHyTx3M0GmcKYDKB8Avg==,9+ajhv8e5UWc9kzavg7EhQ==,0.0,1.0,0.0,1,22,1,0,0,1,1,1,1,1
VCkXEQJxMEaCOzfgHgncSQ==,h0hjjfBTo0qivXyijbwKpw==,0.0,3.0,0.0,1,22,0,1,0,1,1,1,1,1
ZGPn2hAg+E+bm+6pAK3e7g==,NeAbo3LjmUmWy8QCTY9dxQ==,0.0,1.0,0.0,1,22,3,0,0,3,3,3,3,3
ZGPn2hAg+E+bm+6pAK3e7g==,NeAbo3LjmUmWy8QCTY9dxQ==,0.0,1.0,0.0,1,22,3,0,0,3,3,3,3,3
ZGPn2hAg+E+bm+6pAK3e7g==,NeAbo3LjmUmWy8QCTY9dxQ==,0.0,1.0,0.0,1,22,3,0,0,3,3,3,3,3
gwlc4zxoJEivY9vtdKLc2A==,P/sRP6PvnU2DtTVRoSh5uw==,0.0,1.0,0.0,1,22,1,0,0,1,1,1,1,1
ZGPn2hAg+E+bm+6pAK3e7g==,RtAGIdK47EOwyZ4fLSekfA==,1.0,4.0,2.0,1,22,1,0,0,1,1,1,1,1
VBx8f+FnZUqmVAadfMLbjg==,a8YbLufKwkav/9iNaaoQVQ==,29.0,0.0,1.0,1,22,1,0,0,1,1,1,1,1
8a3y6LMcqkeQFa7wZsDkdQ==,w17Afz8g8E+nfKlR08vnaw==,0.0,1.0,0.0,1,22,2,0,0,2,2,2,2,2
8a3y6LMcqkeQFa7wZsDkdQ==,w17Afz8g8E+nfKlR08vnaw==,0.0,1.0,0.0,1,22,2,0,0,2,2,2,2,2
lKoFpuHAH06xje2KqaS8Fw==,29sLN5VQIke+SAhBbem7LQ==,47.0,0.0,1.0,1,22,1,0,0,1,1,1,1,1
8a3y6LMcqkeQFa7wZsDkdQ==,iIttI9cKPE6UoQUhV4zK9g==,24.0,0.0,1.0,1,22,2,0,0,2,2,2,2,2
8a3y6LMcqkeQFa7wZsDkdQ==,iIttI9cKPE6UoQUhV4zK9g==,24.0,0.0,1.0,1,22,2,0,0,2,2,2,2,2
Fr9oWfIRPk6Tn0F12240tw==,ulbzURu0v065cq/3Jw64Pw==,0.0,1.0,0.0,1,22,1,0,0,1,1,1,1,1
3a1+o8O8UUuye6u4ZjcoaQ==,+1Wv2Zv8kEWOPBmpmqNnaA==,60.0,0.0,1.0,1,22,1,0,0,1,1,1,1,1
z6qHyTx3M0GmcKYDKB8Avg==,H1/ucoJdXkWfrwmAnXToQA==,0.0,1.0,0.0,1,22,1,0,0,1,1,1,1,1
giY70S63zEKSA+4fCiC2jQ==,Wnh+vldfTkWTqCx7AZPmaw==,11.0,0.0,1.0,1,22,1,0,0,1,1,1,1,1
3a1+o8O8UUuye6u4ZjcoaQ==,2E42t/96wU64fs1Z8EyJlg==,4.0,0.0,1.0,1,22,3,0,0,3,3,3,3,3
3a1+o8O8UUuye6u4ZjcoaQ==,2E42t/96wU64fs1Z8EyJlg==,4.0,0.0,1.0,1,22,3,0,0,3,3,3,3,3
3a1+o8O8UUuye6u4ZjcoaQ==,2E42t/96wU64fs1Z8EyJlg==,4.0,0.0,1.0,1,22,3,0,0,3,3,3,3,3
3a1+o8O8UUuye6u4ZjcoaQ==,81XwrqYj9U2AHytot7Ni2Q==,31.0,0.0,1.0,1,22,1,0,0,1,1,1,1,1
MbuYnXh5UkKpHG+8JP2aLg==,9i/eN5e6o0CHKvMb1JkqKQ==,0.0,2.0,0.0,1,22,1,0,0,1,1,1,1,1
bsKc1tAibEmZ+BwwISsw0Q==,EG7w6UOKR0ycF1SYpHtc1A==,3.0,0.0,1.0,1,22,1,1,0,2,2,2,2,2
bsKc1tAibEmZ+BwwISsw0Q==,EG7w6UOKR0ycF1SYpHtc1A==,3.0,0.0,1.0,1,22,1,1,0,2,2,2,2,2
giY70S63zEKSA+4fCiC2jQ==,g7PtrnMFu0itYVS+QVhLOg==,0.0,2.0,0.0,1,22,1,0,0,1,1,1,1,1
UiwLOUwWo0KFC3m/wD6frQ==,/N0ou9IYfEKHvwdg93Kd1Q==,19.0,0.0,1.0,1,22,3,0,0,3,3,3,3,3
UiwLOUwWo0KFC3m/wD6frQ==,/N0ou9IYfEKHvwdg93Kd1Q==,19.0,0.0,1.0,1,22,3,0,0,3,3,3,3,3
UiwLOUwWo0KFC3m/wD6frQ==,/N0ou9IYfEKHvwdg93Kd1Q==,19.0,0.0,1.0,1,22,3,0,0,3,3,3,3,3
MWY5bBVHEEOWUfnTwFnnHQ==,uedNzKdVHU2uGDeV5hyK+Q==,0.0,1.0,0.0,1,22,1,0,0,1,1,1,1,1
giY70S63zEKSA+4fCiC2jQ==,HR0oC8+E/0WOHTxxjX2YIA==,0.0,0.0,1.0,1,22,3,0,0,3,3,3,3,3
giY70S63zEKSA+4fCiC2jQ==,HR0oC8+E/0WOHTxxjX2YIA==,0.0,0.0,1.0,1,22,3,0,0,3,3,3,3,3
giY70S63zEKSA+4fCiC2jQ==,HR0oC8+E/0WOHTxxjX2YIA==,0.0,0.0,1.0,1,22,3,0,0,3,3,3,3,3
z6qHyTx3M0GmcKYDKB8Avg==,K6mKVh4ILkWKudv9Z2yKFw==,22.0,0.0,1.0,1,22,1,0,0,1,1,1,1,1
z6qHyTx3M0GmcKYDKB8Avg==,r6w6uTjYaE6fPR6g0UNZTQ==,15.0,0.0,1.0,1,22,1,0,0,1,1,1,1,1
giY70S63zEKSA+4fCiC2jQ==,sabQULgYp0i4UFR+6NmLwA==,20.0,0.0,1.0,1,22,1,0,0,1,1,1,1,1
z6qHyTx3M0GmcKYDKB8Avg==,LjsfoOpVvk+lUpv9ZH+59g==,0.0,2.0,0.0,1,22,1,0,0,1,1,1,1,1
r/mIF223BE6nHHwbe6928g==,TcoW0MvLJESyIQr79dmySA==,0.0,0.0,1.0,1,22,4,0,0,4,4,4,4,4
r/mIF223BE6nHHwbe6928g==,TcoW0MvLJESyIQr79dmySA==,0.0,0.0,1.0,1,22,4,0,0,4,4,4,4,4
r/mIF223BE6nHHwbe6928g==,TcoW0MvLJESyIQr79dmySA==,0.0,0.0,1.0,1,22,4,0,0,4,4,4,4,4
r/mIF223BE6nHHwbe6928g==,TcoW0MvLJESyIQr79dmySA==,0.0,0.0,1.0,1,22,4,0,0,4,4,4,4,4
gwlc4zxoJEivY9vtdKLc2A==,oHNRbZj8gUKziAnzerBwiQ==,0.0,0.0,1.0,1,22,1,0,0,1,1,1,1,1
Fr9oWfIRPk6Tn0F12240tw==,JkmsdBoPoU6c6lKMaMDF5A==,0.0,1.0,0.0,1,22,1,0,0,1,1,1,1,1
qR8YbQr2PUmE27VvgFzv3w==,YSNJQFIl9Ual+cVdqVBqEg==,0.0,1.0,4.0,1,22,1,0,0,1,1,1,1,1
+fFJcQp8sUScovDIJdYErg==,de7NeVFc30qL2Q2TWG5IPA==,0.0,0.0,1.0,1,22,7,0,0,7,7,7,7,7
+fFJcQp8sUScovDIJdYErg==,de7NeVFc30qL2Q2TWG5IPA==,0.0,0.0,1.0,1,22,7,0,0,7,7,7,7,7
+fFJcQp8sUScovDIJdYErg==,de7NeVFc30qL2Q2TWG5IPA==,0.0,0.0,1.0,1,22,7,0,0,7,7,7,7,7
+fFJcQp8sUScovDIJdYErg==,de7NeVFc30qL2Q2TWG5IPA==,0.0,0.0,1.0,1,22,7,0,0,7,7,7,7,7
+fFJcQp8sUScovDIJdYErg==,de7NeVFc30qL2Q2TWG5IPA==,0.0,0.0,1.0,1,22,7,0,0,7,7,7,7,7
+fFJcQp8sUScovDIJdYErg==,de7NeVFc30qL2Q2TWG5IPA==,0.0,0.0,1.0,1,22,7,0,0,7,7,7,7,7
+fFJcQp8sUScovDIJdYErg==,de7NeVFc30qL2Q2TWG5IPA==,0.0,0.0,1.0,1,22,7,0,0,7,7,7,7,7
giY70S63zEKSA+4fCiC2jQ==,e2LFBvBrTU+Le7j0uQ31KQ==,0.0,1.0,0.0,1,22,1,0,0,1,1,1,1,1
giY70S63zEKSA+4fCiC2jQ==,ntAYNNoOVUG+yCX1tbvnuw==,0.0,3.0,0.0,1,22,1,0,0,1,1,1,1,1
3a1+o8O8UUuye6u4ZjcoaQ==,QMXVIAKaOku9/fV5SKRJgA==,58.0,0.0,1.0,1,22,1,0,0,1,1,1,1,1
isw9x3gmOku+edNqJ3vyaQ==,0AzFeuOqOkCOcSCtCViXAw==,0.0,0.0,1.0,1,22,1,0,0,1,1,1,1,1
uhJ8dNACsEKUiAkCKhnAfw==,k5NsWlzTL0uCg53DKH/XuQ==,0.0,1.0,4.0,1,22,0,1,0,1,1,1,1,1
O0gXPxm1z0yo2WOV0o+Xkw==,nn4I46JnsUSSk1LJoUE1xw==,21.0,0.0,1.0,1,22,1,0,0,1,1,1,1,1
r/mIF223BE6nHHwbe6928g==,UvFvZfHUG0CKHnZZRtHnoA==,31.0,0.0,1.0,1,22,1,0,0,1,1,1,1,1
z6qHyTx3M0GmcKYDKB8Avg==,eNa7hzGb40SMGK+BT6vRdw==,17.0,0.0,1.0,1,22,2,0,0,2,2,2,2,2
z6qHyTx3M0GmcKYDKB8Avg==,eNa7hzGb40SMGK+BT6vRdw==,17.0,0.0,1.0,1,22,2,0,0,2,2,2,2,2
giY70S63zEKSA+4fCiC2jQ==,0Ji+o8H2E0inwEzR7fyjQg==,0.0,2.0,0.0,1,22,1,0,0,1,1,1,1,1
3a1+o8O8UUuye6u4ZjcoaQ==,9hlfog4JxU2O+rDxsuWbOQ==,14.0,0.0,1.0,1,22,1,0,0,1,1,1,1,1
WwvalpsUDEKSZVADZr+mgA==,Xrg4eUGv2kqw9QXJn792Qw==,0.0,2.0,0.0,1,22,1,0,0,1,1,1,1,1
MWY5bBVHEEOWUfnTwFnnHQ==,Y96xl+LAjEeCHS2Az7tVrw==,0.0,1.0,0.0,1,22,4,0,0,4,4,4,4,4
MWY5bBVHEEOWUfnTwFnnHQ==,Y96xl+LAjEeCHS2Az7tVrw==,0.0,1.0,0.0,1,22,4,0,0,4,4,4,4,4
MWY5bBVHEEOWUfnTwFnnHQ==,Y96xl+LAjEeCHS2Az7tVrw==,0.0,1.0,0.0,1,22,4,0,0,4,4,4,4,4
MWY5bBVHEEOWUfnTwFnnHQ==,Y96xl+LAjEeCHS2Az7tVrw==,0.0,1.0,0.0,1,22,4,0,0,4,4,4,4,4
EsCYia3Mx0COa0vjEDU9dA==,foorM5rIMU2gwWBSQAh23Q==,39.0,0.0,1.0,1,22,1,0,0,1,1,1,1,1
MWY5bBVHEEOWUfnTwFnnHQ==,p1XhQlRfa0ecNKN4AUkagg==,0.0,2.0,0.0,1,22,1,0,0,1,1,1,1,1
mIIyZtMCUEmDvi0oNGvZGQ==,uSINPbCsUUu8CRqoMr95sQ==,67.0,0.0,0.0,1,22,1,0,0,1,1,1,1,1
8a3y6LMcqkeQFa7wZsDkdQ==,04Nkmr+LBEiLtlB3HqP3cw==,0.0,3.0,0.0,1,22,1,0,0,1,1,1,1,1
Fr9oWfIRPk6Tn0F12240tw==,6kn+uwA+JEmTi9E1DoJsHA==,0.0,2.0,0.0,1,22,1,0,0,1,1,1,1,1
lKoFpuHAH06xje2KqaS8Fw==,bYa8c/hLgUmqUfGk0sr5Ow==,0.0,1.0,0.0,1,22,0,1,0,1,1,1,1,1
mIIyZtMCUEmDvi0oNGvZGQ==,Hfeytd8N50SNg9TIq884Qw==,0.0,1.0,0.0,1,22,1,0,0,1,1,1,1,1
giY70S63zEKSA+4fCiC2jQ==,o+XghuSYkE6VfHp1aikuVQ==,14.0,0.0,1.0,1,22,1,0,0,1,1,1,1,1
z6qHyTx3M0GmcKYDKB8Avg==,9e/qI1A2HkO9y8FQuhYQ7g==,29.0,0.0,1.0,1,22,1,0,0,1,1,1,1,1
MWY5bBVHEEOWUfnTwFnnHQ==,c6ssM8m7BkKJmY+kGjUnIA==,0.0,1.0,4.0,1,22,1,0,0,1,1,1,1,1
ZGPn2hAg+E+bm+6pAK3e7g==,HXVAJE5PAEuFjOU0mUVXpw==,1.0,4.0,2.0,1,22,1,0,0,1,1,1,1,1
z6qHyTx3M0GmcKYDKB8Avg==,IfUzkInMDUOr6hyDHTcPDA==,2.0,0.0,1.0,1,22,3,0,0,3,3,3,3,3
z6qHyTx3M0GmcKYDKB8Avg==,IfUzkInMDUOr6hyDHTcPDA==,2.0,0.0,1.0,1,22,3,0,0,3,3,3,3,3
z6qHyTx3M0GmcKYDKB8Avg==,IfUzkInMDUOr6hyDHTcPDA==,2.0,0.0,1.0,1,22,3,0,0,3,3,3,3,3
z6qHyTx3M0GmcKYDKB8Avg==,JtFma5Caok2bfQBbFFwEUw==,1.0,4.0,2.0,1,22,3,0,0,3,3,3,3,3
z6qHyTx3M0GmcKYDKB8Avg==,JtFma5Caok2bfQBbFFwEUw==,1.0,4.0,2.0,1,22,3,0,0,3,3,3,3,3
z6qHyTx3M0GmcKYDKB8Avg==,JtFma5Caok2bfQBbFFwEUw==,1.0,4.0,2.0,1,22,3,0,0,3,3,3,3,3
giY70S63zEKSA+4fCiC2jQ==,BTkG2NAPVkysI4cYjqh3zg==,15.0,0.0,1.0,1,22,1,0,0,1,1,1,1,1
rtieEqQqcEu0sMoF3BR0Cg==,FKe5fKB580qkwVV9s2mUIw==,0.0,3.0,0.0,1,22,1,0,0,1,1,1,1,1
3uO/4h+nuUmsm7uDytwCxA==,SHQ7aHk8zEm1Ily+i0GOcg==,61.0,0.0,1.0,1,22,1,0,0,1,1,1,1,1
gwlc4zxoJEivY9vtdKLc2A==,d6MLRYVGH0Cq8jXirj1c3w==,0.0,1.0,0.0,1,22,1,0,0,1,1,1,1,1
z6qHyTx3M0GmcKYDKB8Avg==,oZp/6utuxEyr55N+aMXUyQ==,0.0,0.0,1.0,1,22,1,0,0,1,1,1,1,1
giY70S63zEKSA+4fCiC2jQ==,0ja7As5fCE2VKn8bTip8pQ==,63.0,0.0,1.0,1,22,1,0,0,1,1,1,1,1
MWY5bBVHEEOWUfnTwFnnHQ==,83m9iBY0DUiQAi7lQ9HE/g==,6.0,0.0,1.0,1,22,1,0,0,1,1,1,1,1
MWY5bBVHEEOWUfnTwFnnHQ==,95jaISAYkU237frIMwN2fA==,0.0,1.0,0.0,1,22,2,0,0,2,2,2,2,2
MWY5bBVHEEOWUfnTwFnnHQ==,95jaISAYkU237frIMwN2fA==,0.0,1.0,0.0,1,22,2,0,0,2,2,2,2,2
bsKc1tAibEmZ+BwwISsw0Q==,ALz1xf2P2UuiCYCoHiJBXA==,0.0,2.0,0.0,1,22,1,0,0,1,1,1,1,1
VBx8f+FnZUqmVAadfMLbjg==,GgG3dL8P/U62dAjn4E2qlg==,0.0,2.0,0.0,1,22,1,0,0,1,1,1,1,1
qR8YbQr2PUmE27VvgFzv3w==,g9m9LcLMcUmnTWm/7yOSCQ==,0.0,1.0,0.0,1,22,1,0,0,1,1,1,1,1
MWY5bBVHEEOWUfnTwFnnHQ==,iqHnb1vtwE+VfIJCrHH5Sw==,0.0,1.0,0.0,1,22,3,0,0,3,3,3,3,3
MWY5bBVHEEOWUfnTwFnnHQ==,iqHnb1vtwE+VfIJCrHH5Sw==,0.0,1.0,0.0,1,22,3,0,0,3,3,3,3,3
MWY5bBVHEEOWUfnTwFnnHQ==,iqHnb1vtwE+VfIJCrHH5Sw==,0.0,1.0,0.0,1,22,3,0,0,3,3,3,3,3
MWY5bBVHEEOWUfnTwFnnHQ==,j12o4+MBkE6MSbGh37hloA==,0.0,1.0,0.0,1,22,3,0,0,3,3,3,3,3
MWY5bBVHEEOWUfnTwFnnHQ==,j12o4+MBkE6MSbGh37hloA==,0.0,1.0,0.0,1,22,3,0,0,3,3,3,3,3
MWY5bBVHEEOWUfnTwFnnHQ==,j12o4+MBkE6MSbGh37hloA==,0.0,1.0,0.0,1,22,3,0,0,3,3,3,3,3
MWY5bBVHEEOWUfnTwFnnHQ==,pQ6idhaYGUCGRz7kqHD4Xw==,0.0,1.0,0.0,1,22,1,0,0,1,1,1,1,1
MWY5bBVHEEOWUfnTwFnnHQ==,xNGaWWS5QEOh9PpspqKGIw==,0.0,1.0,0.0,1,22,4,0,0,4,4,4,4,4
MWY5bBVHEEOWUfnTwFnnHQ==,xNGaWWS5QEOh9PpspqKGIw==,0.0,1.0,0.0,1,22,4,0,0,4,4,4,4,4
MWY5bBVHEEOWUfnTwFnnHQ==,xNGaWWS5QEOh9PpspqKGIw==,0.0,1.0,0.0,1,22,4,0,0,4,4,4,4,4
MWY5bBVHEEOWUfnTwFnnHQ==,xNGaWWS5QEOh9PpspqKGIw==,0.0,1.0,0.0,1,22,4,0,0,4,4,4,4,4
lKoFpuHAH06xje2KqaS8Fw==,3tYNv3x1oEqgJ8LJCjNhuQ==,9.0,0.0,1.0,1,22,1,0,0,1,1,1,1,1
giY70S63zEKSA+4fCiC2jQ==,BUqaSzuAF0yPmqV2DXzJGQ==,14.0,0.0,1.0,1,22,1,0,0,1,1,1,1,1
N7oKcApHKU6HgVDQ9hOaMw==,X4WS1ZPr3k2T+GKL9zrHmw==,13.0,0.0,1.0,1,22,3,0,0,3,3,3,3,3
N7oKcApHKU6HgVDQ9hOaMw==,X4WS1ZPr3k2T+GKL9zrHmw==,13.0,0.0,1.0,1,22,3,0,0,3,3,3,3,3
N7oKcApHKU6HgVDQ9hOaMw==,X4WS1ZPr3k2T+GKL9zrHmw==,13.0,0.0,1.0,1,22,3,0,0,3,3,3,3,3
MbuYnXh5UkKpHG+8JP2aLg==,cPsbk2RZDk+2JYTcSG/hBA==,28.0,0.0,1.0,1,22,1,0,0,1,1,1,1,1
MWY5bBVHEEOWUfnTwFnnHQ==,itou8tpNGkuXd9omdgyUCg==,6.0,0.0,1.0,1,22,2,0,0,2,2,2,2,2
MWY5bBVHEEOWUfnTwFnnHQ==,itou8tpNGkuXd9omdgyUCg==,6.0,0.0,1.0,1,22,2,0,0,2,2,2,2,2
EsCYia3Mx0COa0vjEDU9dA==,RWM7HoUtOkmxwGrMGn0Jng==,9.0,0.0,1.0,1,22,1,0,0,1,1,1,1,1
giY70S63zEKSA+4fCiC2jQ==,ptV4tLkSR0+/ek3yb4aFHg==,9.0,0.0,1.0,1,22,1,0,0,1,1,1,1,1
MWY5bBVHEEOWUfnTwFnnHQ==,2qQeXKe5jEyW9opCRrcLgg==,0.0,2.0,0.0,1,22,2,0,0,2,2,2,2,2
MWY5bBVHEEOWUfnTwFnnHQ==,2qQeXKe5jEyW9opCRrcLgg==,0.0,2.0,0.0,1,22,2,0,0,2,2,2,2,2
z6qHyTx3M0GmcKYDKB8Avg==,S77Q3V4emEKLHOZiRUfkCw==,25.0,0.0,1.0,1,22,1,0,0,1,1,1,1,1
z6qHyTx3M0GmcKYDKB8Avg==,p1dj4Pk/T0q5boW1g9XmeA==,3.0,0.0,1.0,1,22,1,0,0,1,1,1,1,1
giY70S63zEKSA+4fCiC2jQ==,yHepHxM9CUqm++sTHX2qAQ==,9.0,0.0,1.0,1,22,2,0,0,2,2,2,2,2
giY70S63zEKSA+4fCiC2jQ==,yHepHxM9CUqm++sTHX2qAQ==,9.0,0.0,1.0,1,22,2,0,0,2,2,2,2,2
giY70S63zEKSA+4fCiC2jQ==,/wFyW93UvkqNEDdDqWJz0A==,73.0,9.0,1.0,1,22,1,0,0,1,1,1,1,1
giY70S63zEKSA+4fCiC2jQ==,A9cwPCiFB0SnFkwcTp9LWw==,77.0,0.0,1.0,1,22,1,0,0,1,1,1,1,1
gwlc4zxoJEivY9vtdKLc2A==,NuiZqZQLZkadbNr5d9Y9iQ==,0.0,1.0,0.0,1,22,1,0,0,1,1,1,1,1
giY70S63zEKSA+4fCiC2jQ==,568mhLjCHUuH5iXlwQz8Yw==,0.0,0.0,1.0,1,22,1,0,0,1,1,1,1,1
00eVKE2/0U6GyaSwxxBq2A==,E2fuzM3fZEmvjelF4H9h6Q==,2.0,0.0,1.0,1,22,1,0,0,1,1,1,1,1
MWY5bBVHEEOWUfnTwFnnHQ==,NQiDnoy1dkid+Ein0UFQsg==,9.0,0.0,1.0,1,22,2,0,0,2,2,2,2,2
MWY5bBVHEEOWUfnTwFnnHQ==,NQiDnoy1dkid+Ein0UFQsg==,9.0,0.0,1.0,1,22,2,0,0,2,2,2,2,2
3a1+o8O8UUuye6u4ZjcoaQ==,lyExvyOHk0eJH3kX9UcJqw==,53.0,0.0,1.0,1,22,1,0,0,1,1,1,1,1
giY70S63zEKSA+4fCiC2jQ==,or8Q0f0dkkq9+bujXbNouA==,2.0,0.0,1.0,1,22,1,0,0,1,1,1,1,1
8a3y6LMcqkeQFa7wZsDkdQ==,3lkE09RTAU218hncLZT1Lg==,0.0,1.0,0.0,1,22,3,0,0,3,3,3,3,3
8a3y6LMcqkeQFa7wZsDkdQ==,3lkE09RTAU218hncLZT1Lg==,0.0,1.0,0.0,1,22,3,0,0,3,3,3,3,3
8a3y6LMcqkeQFa7wZsDkdQ==,3lkE09RTAU218hncLZT1Lg==,0.0,1.0,0.0,1,22,3,0,0,3,3,3,3,3
O0gXPxm1z0yo2WOV0o+Xkw==,9NA6QGTGC0iExma4gGSFnQ==,72.0,0.0,1.0,1,22,0,1,0,1,1,1,1,1
giY70S63zEKSA+4fCiC2jQ==,A/qLd6KJAk29UKxACyFChQ==,42.0,0.0,1.0,1,22,1,0,0,1,1,1,1,1
Vfb5r+7yXk68byerajScsQ==,Lc/xZxBUv0yG7Fj+4w9AUw==,0.0,3.0,0.0,1,22,1,0,0,1,1,1,1,1
z6qHyTx3M0GmcKYDKB8Avg==,x/bPF8cby0a0/Q3Ez1girw==,6.0,0.0,1.0,1,22,1,0,0,1,1,1,1,1
lKoFpuHAH06xje2KqaS8Fw==,bTQraeXo1EGqrlZs6nqIlA==,0.0,1.0,0.0,1,22,1,0,0,1,1,1,1,1
MWY5bBVHEEOWUfnTwFnnHQ==,xkcBhrVrxk6MktQKS8BC3w==,0.0,1.0,0.0,1,22,6,0,0,6,6,6,6,6
MWY5bBVHEEOWUfnTwFnnHQ==,xkcBhrVrxk6MktQKS8BC3w==,0.0,1.0,0.0,1,22,6,0,0,6,6,6,6,6
MWY5bBVHEEOWUfnTwFnnHQ==,xkcBhrVrxk6MktQKS8BC3w==,0.0,1.0,0.0,1,22,6,0,0,6,6,6,6,6
MWY5bBVHEEOWUfnTwFnnHQ==,xkcBhrVrxk6MktQKS8BC3w==,0.0,1.0,0.0,1,22,6,0,0,6,6,6,6,6
MWY5bBVHEEOWUfnTwFnnHQ==,xkcBhrVrxk6MktQKS8BC3w==,0.0,1.0,0.0,1,22,6,0,0,6,6,6,6,6
MWY5bBVHEEOWUfnTwFnnHQ==,xkcBhrVrxk6MktQKS8BC3w==,0.0,1.0,0.0,1,22,6,0,0,6,6,6,6,6
3a1+o8O8UUuye6u4ZjcoaQ==,8e/lGdlNXUmRdBn3QSBlfA==,2.0,0.0,1.0,1,22,1,0,0,1,1,1,1,1
kp2ev3khwEeVqZ7qW0pJug==,grHoqFcor0yHdwP4/xdU5Q==,1.0,4.0,2.0,1,22,2,0,0,2,2,2,2,2
kp2ev3khwEeVqZ7qW0pJug==,grHoqFcor0yHdwP4/xdU5Q==,1.0,4.0,2.0,1,22,2,0,0,2,2,2,2,2
3a1+o8O8UUuye6u4ZjcoaQ==,NzHVRKST20aht8r1uYPXcw==,2.0,0.0,1.0,1,22,1,0,0,1,1,1,1,1
O0gXPxm1z0yo2WOV0o+Xkw==,YJ7jI3PEq0etfhyEyliYFQ==,0.0,2.0,0.0,1,22,1,0,0,1,1,1,1,1
MWY5bBVHEEOWUfnTwFnnHQ==,m4MT7ulmIEmDs9v+RClJYA==,0.0,2.0,0.0,1,22,1,0,0,1,1,1,1,1
VCkXEQJxMEaCOzfgHgncSQ==,se0JdODPfkW6lwjm4OqCYg==,0.0,2.0,0.0,1,22,1,0,0,1,1,1,1,1
kp2ev3khwEeVqZ7qW0pJug==,3Aq2b3FggUOGx33/qlkw/g==,8.0,0.0,1.0,1,22,1,0,0,1,1,1,1,1
ZGPn2hAg+E+bm+6pAK3e7g==,ZG8ym2BthEq3MRCBfOqfnw==,1.0,4.0,2.0,1,22,3,0,0,3,3,3,3,3
ZGPn2hAg+E+bm+6pAK3e7g==,ZG8ym2BthEq3MRCBfOqfnw==,1.0,4.0,2.0,1,22,3,0,0,3,3,3,3,3
ZGPn2hAg+E+bm+6pAK3e7g==,ZG8ym2BthEq3MRCBfOqfnw==,1.0,4.0,2.0,1,22,3,0,0,3,3,3,3,3
Vfb5r+7yXk68byerajScsQ==,gKZ85aHIp0mwyXT6ZDQIDQ==,0.0,1.0,0.0,1,22,2,0,0,2,2,2,2,2
Vfb5r+7yXk68byerajScsQ==,gKZ85aHIp0mwyXT6ZDQIDQ==,0.0,1.0,0.0,1,22,2,0,0,2,2,2,2,2
j2Z1d/CPMkuLWpYXL5H6Fg==,i6naxwaziUm0vT8xrVU/+A==,40.0,0.0,1.0,1,22,1,1,0,2,2,2,2,2
j2Z1d/CPMkuLWpYXL5H6Fg==,i6naxwaziUm0vT8xrVU/+A==,40.0,0.0,1.0,1,22,1,1,0,2,2,2,2,2
z6qHyTx3M0GmcKYDKB8Avg==,9PR+1+sQmUOLI2b4tn4cBA==,0.0,5.0,0.0,1,22,2,0,0,2,2,2,2,2
z6qHyTx3M0GmcKYDKB8Avg==,9PR+1+sQmUOLI2b4tn4cBA==,0.0,5.0,0.0,1,22,2,0,0,2,2,2,2,2
Fr9oWfIRPk6Tn0F12240tw==,L4dRLO6IAkyl9iPwV/YxDw==,0.0,1.0,0.0,1,22,2,0,0,2,2,2,2,2
Fr9oWfIRPk6Tn0F12240tw==,L4dRLO6IAkyl9iPwV/YxDw==,0.0,1.0,0.0,1,22,2,0,0,2,2,2,2,2
VCkXEQJxMEaCOzfgHgncSQ==,lyc/6s91MEm6Dxd1O5h8wQ==,65.0,0.0,1.0,1,22,1,0,0,1,1,1,1,1
lKoFpuHAH06xje2KqaS8Fw==,yJR9KmVn8EKgHROgjiW8NA==,0.0,2.0,0.0,1,22,3,0,0,3,3,3,3,3
lKoFpuHAH06xje2KqaS8Fw==,yJR9KmVn8EKgHROgjiW8NA==,0.0,2.0,0.0,1,22,3,0,0,3,3,3,3,3
lKoFpuHAH06xje2KqaS8Fw==,yJR9KmVn8EKgHROgjiW8NA==,0.0,2.0,0.0,1,22,3,0,0,3,3,3,3,3
MWY5bBVHEEOWUfnTwFnnHQ==,GVbnZSUu20GstSvWAn/Urw==,0.0,1.0,0.0,1,22,2,0,0,2,2,2,2,2
MWY5bBVHEEOWUfnTwFnnHQ==,GVbnZSUu20GstSvWAn/Urw==,0.0,1.0,0.0,1,22,2,0,0,2,2,2,2,2
kp2ev3khwEeVqZ7qW0pJug==,gxEiDLQd6ECljilmGC7b4w==,0.0,5.0,0.0,1,22,1,0,0,1,1,1,1,1
isw9x3gmOku+edNqJ3vyaQ==,1pLxMOw/GEC5nO2QZ6DugA==,0.0,2.0,0.0,1,22,1,1,0,2,2,2,2,2
isw9x3gmOku+edNqJ3vyaQ==,1pLxMOw/GEC5nO2QZ6DugA==,0.0,2.0,0.0,1,22,1,1,0,2,2,2,2,2
M1+3xXFmE0q6b+9HVdxQ1w==,3yylA7d/fUulcZTibw61TQ==,0.0,2.0,0.0,1,22,8,0,0,8,8,8,8,8
M1+3xXFmE0q6b+9HVdxQ1w==,3yylA7d/fUulcZTibw61TQ==,0.0,2.0,0.0,1,22,8,0,0,8,8,8,8,8
M1+3xXFmE0q6b+9HVdxQ1w==,3yylA7d/fUulcZTibw61TQ==,0.0,2.0,0.0,1,22,8,0,0,8,8,8,8,8
M1+3xXFmE0q6b+9HVdxQ1w==,3yylA7d/fUulcZTibw61TQ==,0.0,2.0,0.0,1,22,8,0,0,8,8,8,8,8
M1+3xXFmE0q6b+9HVdxQ1w==,3yylA7d/fUulcZTibw61TQ==,0.0,2.0,0.0,1,22,8,0,0,8,8,8,8,8
M1+3xXFmE0q6b+9HVdxQ1w==,3yylA7d/fUulcZTibw61TQ==,0.0,2.0,0.0,1,22,8,0,0,8,8,8,8,8
M1+3xXFmE0q6b+9HVdxQ1w==,3yylA7d/fUulcZTibw61TQ==,0.0,2.0,0.0,1,22,8,0,0,8,8,8,8,8
M1+3xXFmE0q6b+9HVdxQ1w==,3yylA7d/fUulcZTibw61TQ==,0.0,2.0,0.0,1,22,8,0,0,8,8,8,8,8
qR8YbQr2PUmE27VvgFzv3w==,Kkk8Bn4gv06oJVCM4LJ/ig==,0.0,5.0,7.0,1,22,1,0,0,1,1,1,1,1
M1+3xXFmE0q6b+9HVdxQ1w==,PST/7WclYkKVXgVrmKyUGQ==,0.0,1.0,0.0,1,22,6,0,0,6,6,6,6,6
M1+3xXFmE0q6b+9HVdxQ1w==,PST/7WclYkKVXgVrmKyUGQ==,0.0,1.0,0.0,1,22,6,0,0,6,6,6,6,6
M1+3xXFmE0q6b+9HVdxQ1w==,PST/7WclYkKVXgVrmKyUGQ==,0.0,1.0,0.0,1,22,6,0,0,6,6,6,6,6
M1+3xXFmE0q6b+9HVdxQ1w==,PST/7WclYkKVXgVrmKyUGQ==,0.0,1.0,0.0,1,22,6,0,0,6,6,6,6,6
M1+3xXFmE0q6b+9HVdxQ1w==,PST/7WclYkKVXgVrmKyUGQ==,0.0,1.0,0.0,1,22,6,0,0,6,6,6,6,6
M1+3xXFmE0q6b+9HVdxQ1w==,PST/7WclYkKVXgVrmKyUGQ==,0.0,1.0,0.0,1,22,6,0,0,6,6,6,6,6
kp2ev3khwEeVqZ7qW0pJug==,mPiNIz3YK06ftgOENsp5wA==,1.0,4.0,2.0,1,22,0,2,0,2,2,2,2,2
kp2ev3khwEeVqZ7qW0pJug==,mPiNIz3YK06ftgOENsp5wA==,1.0,4.0,2.0,1,22,0,2,0,2,2,2,2,2
N7oKcApHKU6HgVDQ9hOaMw==,VLtbZHJ670CLRVHhn9hzMA==,0.0,1.0,0.0,1,22,1,0,0,1,1,1,1,1
VBx8f+FnZUqmVAadfMLbjg==,hrFAnYbbtUK8fVc+zmL9rw==,11.0,0.0,1.0,1,22,1,0,0,1,1,1,1,1
giY70S63zEKSA+4fCiC2jQ==,wjirNo6ZZUGRr39XaU+DrA==,4.0,0.0,1.0,1,22,1,0,0,1,1,1,1,1
wpaU0jdh90qQONu144iIig==,MyMHdY+CSEWyeylYuhi+ZQ==,0.0,1.0,0.0,1,22,1,0,0,1,1,1,1,1
MWY5bBVHEEOWUfnTwFnnHQ==,qaFenG9a/0G8mC2qwcUicQ==,0.0,3.0,0.0,1,22,1,0,0,1,1,1,1,1
O0gXPxm1z0yo2WOV0o+Xkw==,vUFV+7/So0Su00mIcIMglw==,0.0,3.0,0.0,1,22,1,0,0,1,1,1,1,1
z6qHyTx3M0GmcKYDKB8Avg==,hPCk3pQPkEOy3YuIDWRmnA==,0.0,5.0,0.0,1,22,1,0,0,1,1,1,1,1
giY70S63zEKSA+4fCiC2jQ==,oRvJN1+OikaOnMxdJ1UeaQ==,0.0,2.0,0.0,1,22,1,0,0,1,1,1,1,1
Xy0PQBdQA0OHYlbOUGvbHQ==,yHhwr8wWtECkghyAGMeYsA==,0.0,2.0,0.0,1,22,2,0,0,2,2,2,2,2
Xy0PQBdQA0OHYlbOUGvbHQ==,yHhwr8wWtECkghyAGMeYsA==,0.0,2.0,0.0,1,22,2,0,0,2,2,2,2,2
MWY5bBVHEEOWUfnTwFnnHQ==,UmA3aFLJTUCgUdagFwmoGg==,20.0,0.0,1.0,1,22,1,0,0,1,1,1,1,1
giY70S63zEKSA+4fCiC2jQ==,eaMuYljkuU2KOufCk5LHuw==,11.0,0.0,1.0,1,22,1,0,0,1,1,1,1,1
8a3y6LMcqkeQFa7wZsDkdQ==,ZZWDXYwml0eenzMj9SeRew==,4.0,0.0,1.0,1,22,0,1,0,1,1,1,1,1
giY70S63zEKSA+4fCiC2jQ==,f5+TFLTDf0CnwRFuC6e7Jw==,0.0,0.0,1.0,1,22,1,0,0,1,1,1,1,1
Xh+kw/JYUEeQ+phkA+hngA==,yY79wAI4QUeMWMTqODM70w==,41.0,0.0,1.0,1,22,2,0,0,2,2,2,2,2
Xh+kw/JYUEeQ+phkA+hngA==,yY79wAI4QUeMWMTqODM70w==,41.0,0.0,1.0,1,22,2,0,0,2,2,2,2,2
O0gXPxm1z0yo2WOV0o+Xkw==,/LOnfGzIHEWYQp9CTIyZpg==,21.0,0.0,1.0,1,22,1,0,0,1,1,1,1,1
z6qHyTx3M0GmcKYDKB8Avg==,KnNiFIIS/0aR2ZCvla26kA==,8.0,0.0,1.0,1,22,1,0,0,1,1,1,1,1
gwlc4zxoJEivY9vtdKLc2A==,PjkhEkci8Eao44jWHoxlog==,0.0,5.0,0.0,1,22,1,0,0,1,1,1,1,1
Vfb5r+7yXk68byerajScsQ==,TnDMcsvvYUCUR0tv0HTTQQ==,0.0,1.0,0.0,1,22,2,0,0,2,2,2,2,2
Vfb5r+7yXk68byerajScsQ==,TnDMcsvvYUCUR0tv0HTTQQ==,0.0,1.0,0.0,1,22,2,0,0,2,2,2,2,2
gwlc4zxoJEivY9vtdKLc2A==,3+jNwFDOrk6F8z2qiw8baQ==,6.0,0.0,1.0,1,22,1,0,0,1,1,1,1,1
VCkXEQJxMEaCOzfgHgncSQ==,MDD/CIC0CEyaqrAfY6HPWQ==,0.0,2.0,0.0,1,22,3,0,0,3,3,3,3,3
VCkXEQJxMEaCOzfgHgncSQ==,MDD/CIC0CEyaqrAfY6HPWQ==,0.0,2.0,0.0,1,22,3,0,0,3,3,3,3,3
VCkXEQJxMEaCOzfgHgncSQ==,MDD/CIC0CEyaqrAfY6HPWQ==,0.0,2.0,0.0,1,22,3,0,0,3,3,3,3,3
ZtJ8139qUky3aIopjjo8Fw==,skay44iPD0SYYi7T4NfU9Q==,0.0,2.0,0.0,1,22,0,1,0,1,1,1,1,1
O0gXPxm1z0yo2WOV0o+Xkw==,y8twcOjBlki6MyOft4pTrQ==,7.0,0.0,1.0,1,22,1,0,0,1,1,1,1,1
MWY5bBVHEEOWUfnTwFnnHQ==,+uNjn705yUOOegRbj7Mxkw==,0.0,1.0,0.0,1,22,2,0,0,2,2,2,2,2
MWY5bBVHEEOWUfnTwFnnHQ==,+uNjn705yUOOegRbj7Mxkw==,0.0,1.0,0.0,1,22,2,0,0,2,2,2,2,2
lKoFpuHAH06xje2KqaS8Fw==,24NGGTLLAE+yhSXU3mZciA==,10.0,0.0,1.0,1,22,1,0,0,1,1,1,1,1
VBx8f+FnZUqmVAadfMLbjg==,C+GFyyI1/Uy9WQdHGpovXw==,22.0,0.0,1.0,1,22,2,0,0,2,2,2,2,2
VBx8f+FnZUqmVAadfMLbjg==,C+GFyyI1/Uy9WQdHGpovXw==,22.0,0.0,1.0,1,22,2,0,0,2,2,2,2,2
uhJ8dNACsEKUiAkCKhnAfw==,ExVeOJfNj0in7dZ1H2drdQ==,0.0,1.0,0.0,1,22,1,0,0,1,1,1,1,1
gwlc4zxoJEivY9vtdKLc2A==,vRbq4X4ch0mmaxmSVAg3rA==,19.0,0.0,1.0,1,22,0,2,0,2,2,2,2,2
gwlc4zxoJEivY9vtdKLc2A==,vRbq4X4ch0mmaxmSVAg3rA==,19.0,0.0,1.0,1,22,0,2,0,2,2,2,2,2
O0gXPxm1z0yo2WOV0o+Xkw==,zkcf+Ly5KEqGVF+ZFKTIoQ==,0.0,2.0,0.0,1,22,1,0,0,1,1,1,1,1
lKoFpuHAH06xje2KqaS8Fw==,/FJWrw0j0UupGKyBKUVyWA==,0.0,0.0,1.0,1,22,1,0,0,1,1,1,1,1
MWY5bBVHEEOWUfnTwFnnHQ==,vkK1Izi1TEyxbjOedf2l1g==,0.0,1.0,0.0,1,22,1,0,0,1,1,1,1,1
Vfb5r+7yXk68byerajScsQ==,VPXpwUhRuEqau2MVQDpHSQ==,0.0,1.0,0.0,1,22,1,0,0,1,1,1,1,1
VBx8f+FnZUqmVAadfMLbjg==,z1YaNeDYd02qAO4yHcv1Fw==,2.0,0.0,1.0,1,22,1,0,0,1,1,1,1,1
z6qHyTx3M0GmcKYDKB8Avg==,AZc9+foCCECGs0Dp33jkwg==,8.0,0.0,1.0,1,22,4,0,0,4,4,4,4,4
z6qHyTx3M0GmcKYDKB8Avg==,AZc9+foCCECGs0Dp33jkwg==,8.0,0.0,1.0,1,22,4,0,0,4,4,4,4,4
z6qHyTx3M0GmcKYDKB8Avg==,AZc9+foCCECGs0Dp33jkwg==,8.0,0.0,1.0,1,22,4,0,0,4,4,4,4,4
z6qHyTx3M0GmcKYDKB8Avg==,AZc9+foCCECGs0Dp33jkwg==,8.0,0.0,1.0,1,22,4,0,0,4,4,4,4,4
8a3y6LMcqkeQFa7wZsDkdQ==,Wwdbok5pPUKyx3r006fTJA==,16.0,0.0,1.0,1,22,2,0,0,2,2,2,2,2
8a3y6LMcqkeQFa7wZsDkdQ==,Wwdbok5pPUKyx3r006fTJA==,16.0,0.0,1.0,1,22,2,0,0,2,2,2,2,2
z6qHyTx3M0GmcKYDKB8Avg==,HJiXq1SY30CDPw/hrw/NjA==,17.0,0.0,1.0,1,22,1,0,0,1,1,1,1,1
qR8YbQr2PUmE27VvgFzv3w==,JtByB++okkWg5tFgjgh8iQ==,0.0,1.0,3.0,1,22,1,0,0,1,1,1,1,1
wpaU0jdh90qQONu144iIig==,egU/hXaCJkKGQR6d3y67sg==,0.0,2.0,0.0,1,22,1,0,0,1,1,1,1,1
Vfb5r+7yXk68byerajScsQ==,K/uD6i3/dkWmqEPM/NbMIQ==,0.0,1.0,0.0,1,22,1,0,0,1,1,1,1,1
MWY5bBVHEEOWUfnTwFnnHQ==,URZwq6es0UW53t2jvJhBKA==,8.0,0.0,1.0,1,22,1,0,0,1,1,1,1,1
s3OZK7PnfEGie/lXN939ww==,hiCh4YCFoEiDKrzKNy5gBQ==,6.0,0.0,1.0,1,22,1,0,0,1,1,1,1,1
MLsOyp/SC0CgwsXbIzS8/g==,Tmi1E3Sby0amPpueXVl8/A==,57.0,0.0,1.0,1,22,1,0,0,1,1,1,1,1
MWY5bBVHEEOWUfnTwFnnHQ==,Ux+PEw9T10KpIEjPlChsFw==,0.0,1.0,0.0,1,22,1,0,0,1,1,1,1,1
0aWCYuNUNESDp2JgJnQ66w==,b0fNRjIjekSQLHA7pMCM0w==,0.0,3.0,0.0,1,22,1,0,0,1,1,1,1,1
kp2ev3khwEeVqZ7qW0pJug==,n7LnYG6/I0OAeWn6jX9a3Q==,80.0,0.0,1.0,1,22,1,0,0,1,1,1,1,1
giY70S63zEKSA+4fCiC2jQ==,Nt6FfvyoJkGYlFbe13Mc7Q==,0.0,0.0,1.0,1,22,2,0,0,2,2,2,2,2
giY70S63zEKSA+4fCiC2jQ==,Nt6FfvyoJkGYlFbe13Mc7Q==,0.0,0.0,1.0,1,22,2,0,0,2,2,2,2,2
VBx8f+FnZUqmVAadfMLbjg==,XVV2XWpdDUS5rnDYJLdI4g==,0.0,1.0,0.0,1,22,1,0,0,1,1,1,1,1
gwlc4zxoJEivY9vtdKLc2A==,ZURCE9OZykid+38i/Nu0Ew==,29.0,0.0,1.0,1,22,1,0,0,1,1,1,1,1
giY70S63zEKSA+4fCiC2jQ==,05Z9ebFQc0WZwvcSlw0vRw==,0.0,1.0,0.0,1,22,2,0,0,2,2,2,2,2
giY70S63zEKSA+4fCiC2jQ==,05Z9ebFQc0WZwvcSlw0vRw==,0.0,1.0,0.0,1,22,2,0,0,2,2,2,2,2
Fr9oWfIRPk6Tn0F12240tw==,9hbRDjSeJky2CsB99BbTlw==,0.0,3.0,0.0,1,22,1,0,0,1,1,1,1,1
00eVKE2/0U6GyaSwxxBq2A==,Hto3/x3MWUK2lXU2hTVmXQ==,30.0,0.0,1.0,1,22,3,0,0,3,3,3,3,3
00eVKE2/0U6GyaSwxxBq2A==,Hto3/x3MWUK2lXU2hTVmXQ==,30.0,0.0,1.0,1,22,3,0,0,3,3,3,3,3
00eVKE2/0U6GyaSwxxBq2A==,Hto3/x3MWUK2lXU2hTVmXQ==,30.0,0.0,1.0,1,22,3,0,0,3,3,3,3,3
CfTD2DR1KkKRZwZPIYKnKA==,T0rcgRpKokuk2eOeICzZNA==,9.0,0.0,1.0,1,22,5,0,0,5,5,5,5,5
CfTD2DR1KkKRZwZPIYKnKA==,T0rcgRpKokuk2eOeICzZNA==,9.0,0.0,1.0,1,22,5,0,0,5,5,5,5,5
CfTD2DR1KkKRZwZPIYKnKA==,T0rcgRpKokuk2eOeICzZNA==,9.0,0.0,1.0,1,22,5,0,0,5,5,5,5,5
CfTD2DR1KkKRZwZPIYKnKA==,T0rcgRpKokuk2eOeICzZNA==,9.0,0.0,1.0,1,22,5,0,0,5,5,5,5,5
CfTD2DR1KkKRZwZPIYKnKA==,T0rcgRpKokuk2eOeICzZNA==,9.0,0.0,1.0,1,22,5,0,0,5,5,5,5,5
giY70S63zEKSA+4fCiC2jQ==,bAj6K2uZQUy8y4UZ7aQGqw==,2.0,0.0,1.0,1,22,1,0,0,1,1,1,1,1
isw9x3gmOku+edNqJ3vyaQ==,ozFXw6F/zkiBER5EqQUlPw==,0.0,3.0,0.0,1,22,1,0,0,1,1,1,1,1
kp2ev3khwEeVqZ7qW0pJug==,zkJiWuLr/kyI/S/oU1aPPA==,0.0,1.0,0.0,1,22,1,0,0,1,1,1,1,1
MWY5bBVHEEOWUfnTwFnnHQ==,1e8ez8iruUCiMQ+BeJrUtw==,0.0,1.0,0.0,1,22,1,0,0,1,1,1,1,1
MWY5bBVHEEOWUfnTwFnnHQ==,5nu5cb4RgU+Du27VnAk8Nw==,0.0,1.0,0.0,1,22,1,0,0,1,1,1,1,1
z6qHyTx3M0GmcKYDKB8Avg==,Nu3N9WP2rE+n36JMjEk7Og==,11.0,0.0,1.0,1,22,5,0,0,5,5,5,5,5
z6qHyTx3M0GmcKYDKB8Avg==,Nu3N9WP2rE+n36JMjEk7Og==,11.0,0.0,1.0,1,22,5,0,0,5,5,5,5,5
z6qHyTx3M0GmcKYDKB8Avg==,Nu3N9WP2rE+n36JMjEk7Og==,11.0,0.0,1.0,1,22,5,0,0,5,5,5,5,5
z6qHyTx3M0GmcKYDKB8Avg==,Nu3N9WP2rE+n36JMjEk7Og==,11.0,0.0,1.0,1,22,5,0,0,5,5,5,5,5
z6qHyTx3M0GmcKYDKB8Avg==,Nu3N9WP2rE+n36JMjEk7Og==,11.0,0.0,1.0,1,22,5,0,0,5,5,5,5,5
qR8YbQr2PUmE27VvgFzv3w==,ZH0q9M6lgE6hcYGlQu1XiA==,26.0,4.0,2.0,1,22,1,0,0,1,1,1,1,1
8a3y6LMcqkeQFa7wZsDkdQ==,RYDkgodV102vKgg2PRII/Q==,6.0,0.0,1.0,1,22,1,0,0,1,1,1,1,1
giY70S63zEKSA+4fCiC2jQ==,b9j5Ry8DUU6rjrWdk5iC2g==,18.0,0.0,1.0,1,22,1,0,0,1,1,1,1,1
8a3y6LMcqkeQFa7wZsDkdQ==,nQJ3nxkawUaBn9ZCWR226g==,0.0,1.0,0.0,1,22,2,0,0,2,2,2,2,2
8a3y6LMcqkeQFa7wZsDkdQ==,nQJ3nxkawUaBn9ZCWR226g==,0.0,1.0,0.0,1,22,2,0,0,2,2,2,2,2
rXoDUbI3O0WQyR/5jwi2Bg==,/Dqs0xTsAEmq9yPv9hquVw==,0.0,1.0,0.0,1,22,1,0,0,1,1,1,1,1
MWY5bBVHEEOWUfnTwFnnHQ==,Gmpw9ncJRUCE7k5B0MTqAg==,0.0,1.0,0.0,1,22,3,0,0,3,3,3,3,3
MWY5bBVHEEOWUfnTwFnnHQ==,Gmpw9ncJRUCE7k5B0MTqAg==,0.0,1.0,0.0,1,22,3,0,0,3,3,3,3,3
MWY5bBVHEEOWUfnTwFnnHQ==,Gmpw9ncJRUCE7k5B0MTqAg==,0.0,1.0,0.0,1,22,3,0,0,3,3,3,3,3
kp2ev3khwEeVqZ7qW0pJug==,dv5jrESEnU2RPa/J9G4B3Q==,0.0,0.0,1.0,1,22,0,1,0,1,1,1,1,1
zjvQxx7L5Uyn1nFiiw9OYQ==,sZ915v5US0e+cmsAwNvEFQ==,2.0,0.0,1.0,1,22,2,0,0,2,2,2,2,2
zjvQxx7L5Uyn1nFiiw9OYQ==,sZ915v5US0e+cmsAwNvEFQ==,2.0,0.0,1.0,1,22,2,0,0,2,2,2,2,2
VBx8f+FnZUqmVAadfMLbjg==,KHRfZQ+1Uk6iVXsXXHXwUQ==,14.0,0.0,1.0,1,22,2,0,0,2,2,2,2,2
VBx8f+FnZUqmVAadfMLbjg==,KHRfZQ+1Uk6iVXsXXHXwUQ==,14.0,0.0,1.0,1,22,2,0,0,2,2,2,2,2
gwlc4zxoJEivY9vtdKLc2A==,wxUhU5ou5UuFUCg1l0BGWw==,10.0,0.0,1.0,1,22,0,1,0,1,1,1,1,1
kp2ev3khwEeVqZ7qW0pJug==,VVV7kTdrSkyY5RC4c5IFrQ==,0.0,1.0,0.0,1,22,2,0,0,2,2,2,2,2
kp2ev3khwEeVqZ7qW0pJug==,VVV7kTdrSkyY5RC4c5IFrQ==,0.0,1.0,0.0,1,22,2,0,0,2,2,2,2,2
bsKc1tAibEmZ+BwwISsw0Q==,qi8XvU3UAkuEK83b2/6E5g==,0.0,1.0,0.0,1,22,1,0,0,1,1,1,1,1
MWY5bBVHEEOWUfnTwFnnHQ==,/14wXmdJVUeuzLy+7tebgA==,0.0,1.0,0.0,1,22,1,0,0,1,1,1,1,1
Vfb5r+7yXk68byerajScsQ==,K/QpKUVM802hU6HAIcGmLw==,0.0,2.0,0.0,1,22,1,0,0,1,1,1,1,1
kp2ev3khwEeVqZ7qW0pJug==,OytLCk69OE+trtd++3NuqQ==,1.0,4.0,5.0,1,22,1,1,0,2,2,2,2,2
kp2ev3khwEeVqZ7qW0pJug==,OytLCk69OE+trtd++3NuqQ==,1.0,4.0,5.0,1,22,1,1,0,2,2,2,2,2
MWY5bBVHEEOWUfnTwFnnHQ==,nSk0qZRo5EGNTNojSThWlQ==,0.0,1.0,0.0,1,22,2,0,0,2,2,2,2,2
MWY5bBVHEEOWUfnTwFnnHQ==,nSk0qZRo5EGNTNojSThWlQ==,0.0,1.0,0.0,1,22,2,0,0,2,2,2,2,2
MWY5bBVHEEOWUfnTwFnnHQ==,O8yuZgtbo0+ei+Prc4c67A==,0.0,2.0,0.0,1,22,0,1,0,1,1,1,1,1
Fr9oWfIRPk6Tn0F12240tw==,YXpPfL0QoEyNggskoo33cQ==,56.0,0.0,1.0,1,22,1,0,0,1,1,1,1,1
bsKc1tAibEmZ+BwwISsw0Q==,nI2AMafWYUaU3pTdoegryg==,2.0,0.0,1.0,1,22,0,1,0,1,1,1,1,1
MWY5bBVHEEOWUfnTwFnnHQ==,ZVr5zSTDkkKY/z9s4Phy9w==,1.0,4.0,2.0,1,22,1,0,0,1,1,1,1,1
O0gXPxm1z0yo2WOV0o+Xkw==,jQC6fmYu4UG1rxRbmgTlkw==,7.0,0.0,1.0,1,22,1,0,0,1,1,1,1,1
MWY5bBVHEEOWUfnTwFnnHQ==,p3Zgjh5IVkaISy+tzVbD1w==,0.0,1.0,0.0,1,22,1,0,0,1,1,1,1,1
MWY5bBVHEEOWUfnTwFnnHQ==,66rj0uxdbkewD6m/G7U65A==,0.0,1.0,0.0,1,22,1,0,0,1,1,1,1,1
bsKc1tAibEmZ+BwwISsw0Q==,bIbtJ6hN6UGidLDygcWbIA==,0.0,1.0,0.0,1,22,1,0,0,1,1,1,1,1
z6qHyTx3M0GmcKYDKB8Avg==,qDefAzsmlkOy0Sah+Uin4g==,8.0,0.0,1.0,1,22,1,0,0,1,1,1,1,1
giY70S63zEKSA+4fCiC2jQ==,2IBc/NDXgECzUenak6znpQ==,6.0,0.0,1.0,1,22,1,0,0,1,1,1,1,1
O0gXPxm1z0yo2WOV0o+Xkw==,6zOc+GHnWkO8+c5FInG0EA==,3.0,0.0,1.0,1,22,4,0,0,4,4,4,4,4
O0gXPxm1z0yo2WOV0o+Xkw==,6zOc+GHnWkO8+c5FInG0EA==,3.0,0.0,1.0,1,22,4,0,0,4,4,4,4,4
O0gXPxm1z0yo2WOV0o+Xkw==,6zOc+GHnWkO8+c5FInG0EA==,3.0,0.0,1.0,1,22,4,0,0,4,4,4,4,4
O0gXPxm1z0yo2WOV0o+Xkw==,6zOc+GHnWkO8+c5FInG0EA==,3.0,0.0,1.0,1,22,4,0,0,4,4,4,4,4
MWY5bBVHEEOWUfnTwFnnHQ==,n4PckE/MgkmvOAivGv5lig==,10.0,0.0,1.0,1,22,1,0,0,1,1,1,1,1
z6qHyTx3M0GmcKYDKB8Avg==,LsWETvSBo0SEe2E+zvMiUg==,15.0,0.0,1.0,1,22,1,0,0,1,1,1,1,1
O0gXPxm1z0yo2WOV0o+Xkw==,/ubvafbvKU+g8Ax7d5ND+A==,14.0,0.0,1.0,1,22,1,0,0,1,1,1,1,1
bsKc1tAibEmZ+BwwISsw0Q==,mYrTZOT8jEaa9Fb5Ge+HjQ==,25.0,0.0,1.0,1,22,1,0,0,1,1,1,1,1
kp2ev3khwEeVqZ7qW0pJug==,0yWcAxvJp0iThS8Hxi5ABg==,7.0,0.0,1.0,1,22,18,0,1,19,19,19,19,19
kp2ev3khwEeVqZ7qW0pJug==,0yWcAxvJp0iThS8Hxi5ABg==,7.0,0.0,1.0,1,22,18,0,1,19,19,19,19,19
kp2ev3khwEeVqZ7qW0pJug==,0yWcAxvJp0iThS8Hxi5ABg==,7.0,0.0,1.0,1,22,18,0,1,19,19,19,19,19
kp2ev3khwEeVqZ7qW0pJug==,0yWcAxvJp0iThS8Hxi5ABg==,7.0,0.0,1.0,1,22,18,0,1,19,19,19,19,19
kp2ev3khwEeVqZ7qW0pJug==,0yWcAxvJp0iThS8Hxi5ABg==,7.0,0.0,1.0,1,22,18,0,1,19,19,19,19,19
kp2ev3khwEeVqZ7qW0pJug==,0yWcAxvJp0iThS8Hxi5ABg==,7.0,0.0,1.0,1,22,18,0,1,19,19,19,19,19
kp2ev3khwEeVqZ7qW0pJug==,0yWcAxvJp0iThS8Hxi5ABg==,7.0,0.0,1.0,1,22,18,0,1,19,19,19,19,19
kp2ev3khwEeVqZ7qW0pJug==,0yWcAxvJp0iThS8Hxi5ABg==,7.0,0.0,1.0,1,22,18,0,1,19,19,19,19,19
kp2ev3khwEeVqZ7qW0pJug==,0yWcAxvJp0iThS8Hxi5ABg==,7.0,0.0,1.0,1,22,18,0,1,19,19,19,19,19
kp2ev3khwEeVqZ7qW0pJug==,0yWcAxvJp0iThS8Hxi5ABg==,7.0,0.0,1.0,1,22,18,0,1,19,19,19,19,19
kp2ev3khwEeVqZ7qW0pJug==,0yWcAxvJp0iThS8Hxi5ABg==,7.0,0.0,1.0,1,22,18,0,1,19,19,19,19,19
kp2ev3khwEeVqZ7qW0pJug==,0yWcAxvJp0iThS8Hxi5ABg==,7.0,0.0,1.0,1,22,18,0,1,19,19,19,19,19
kp2ev3khwEeVqZ7qW0pJug==,0yWcAxvJp0iThS8Hxi5ABg==,7.0,0.0,1.0,1,22,18,0,1,19,19,19,19,19
kp2ev3khwEeVqZ7qW0pJug==,0yWcAxvJp0iThS8Hxi5ABg==,7.0,0.0,1.0,1,22,18,0,1,19,19,19,19,19
kp2ev3khwEeVqZ7qW0pJug==,0yWcAxvJp0iThS8Hxi5ABg==,7.0,0.0,1.0,1,22,18,0,1,19,19,19,19,19
kp2ev3khwEeVqZ7qW0pJug==,0yWcAxvJp0iThS8Hxi5ABg==,7.0,0.0,1.0,1,22,18,0,1,19,19,19,19,19
kp2ev3khwEeVqZ7qW0pJug==,0yWcAxvJp0iThS8Hxi5ABg==,7.0,0.0,1.0,1,22,18,0,1,19,19,19,19,19
kp2ev3khwEeVqZ7qW0pJug==,0yWcAxvJp0iThS8Hxi5ABg==,7.0,0.0,1.0,1,22,18,0,1,19,19,19,19,19
kp2ev3khwEeVqZ7qW0pJug==,0yWcAxvJp0iThS8Hxi5ABg==,7.0,0.0,1.0,1,22,18,0,1,19,19,19,19,19
Vfb5r+7yXk68byerajScsQ==,TE/30qbRt0iBM4GA1VYH3g==,0.0,2.0,0.0,1,22,1,1,0,2,2,2,2,2
Vfb5r+7yXk68byerajScsQ==,TE/30qbRt0iBM4GA1VYH3g==,0.0,2.0,0.0,1,22,1,1,0,2,2,2,2,2
giY70S63zEKSA+4fCiC2jQ==,8BusGBH96kOXkYrUc5M1Mg==,0.0,1.0,0.0,1,22,1,0,0,1,1,1,1,1
3a1+o8O8UUuye6u4ZjcoaQ==,4vtHiLwHQkmlfdn+aPHESA==,8.0,0.0,1.0,1,22,1,0,0,1,1,1,1,1
bsKc1tAibEmZ+BwwISsw0Q==,ZHR9lf1Zf0+seTm6M+rZtA==,51.0,0.0,0.0,1,22,1,0,0,1,1,1,1,1
/lXmoib9WUC0VIX/U0YXsw==,iuJjZyy/SUWHi6dHJnWC7g==,0.0,5.0,0.0,1,22,3,0,0,3,3,3,3,3
/lXmoib9WUC0VIX/U0YXsw==,iuJjZyy/SUWHi6dHJnWC7g==,0.0,5.0,0.0,1,22,3,0,0,3,3,3,3,3
/lXmoib9WUC0VIX/U0YXsw==,iuJjZyy/SUWHi6dHJnWC7g==,0.0,5.0,0.0,1,22,3,0,0,3,3,3,3,3
MWY5bBVHEEOWUfnTwFnnHQ==,jd5BHdz390SS8N9uXKNr8w==,0.0,1.0,0.0,1,22,2,0,0,2,2,2,2,2
MWY5bBVHEEOWUfnTwFnnHQ==,jd5BHdz390SS8N9uXKNr8w==,0.0,1.0,0.0,1,22,2,0,0,2,2,2,2,2
Vfb5r+7yXk68byerajScsQ==,1MwkEf8bG0Sh6Ns1A+DjqQ==,69.0,0.0,1.0,1,22,1,0,0,1,1,1,1,1
O0gXPxm1z0yo2WOV0o+Xkw==,AqyI83mvYEeEyqZQ+bEuzA==,0.0,1.0,0.0,1,22,1,0,0,1,1,1,1,1
M1+3xXFmE0q6b+9HVdxQ1w==,EG21y6AnJ0qvA47Uw7MOkw==,0.0,2.0,0.0,1,22,1,1,0,2,2,2,2,2
M1+3xXFmE0q6b+9HVdxQ1w==,EG21y6AnJ0qvA47Uw7MOkw==,0.0,2.0,0.0,1,22,1,1,0,2,2,2,2,2
giY70S63zEKSA+4fCiC2jQ==,H4aXXFpo6kCUzWYItClj+w==,0.0,1.0,0.0,1,22,1,0,0,1,1,1,1,1
giY70S63zEKSA+4fCiC2jQ==,hILZfnDOu068hCPt4X2FZQ==,0.0,0.0,1.0,1,22,1,0,0,1,1,1,1,1
00eVKE2/0U6GyaSwxxBq2A==,56Kt7lfvskCdbLD8AyOjJQ==,35.0,0.0,1.0,1,22,2,1,0,3,3,3,3,3
00eVKE2/0U6GyaSwxxBq2A==,56Kt7lfvskCdbLD8AyOjJQ==,35.0,0.0,1.0,1,22,2,1,0,3,3,3,3,3
00eVKE2/0U6GyaSwxxBq2A==,56Kt7lfvskCdbLD8AyOjJQ==,35.0,0.0,1.0,1,22,2,1,0,3,3,3,3,3
giY70S63zEKSA+4fCiC2jQ==,6J5ctZ7zBEevD5IVrAe/4Q==,0.0,1.0,0.0,1,22,1,0,0,1,1,1,1,1
Vfb5r+7yXk68byerajScsQ==,9yLxqUxzmE6eLJ8LRNbBxw==,0.0,2.0,0.0,1,22,3,0,0,3,3,3,3,3
Vfb5r+7yXk68byerajScsQ==,9yLxqUxzmE6eLJ8LRNbBxw==,0.0,2.0,0.0,1,22,3,0,0,3,3,3,3,3
Vfb5r+7yXk68byerajScsQ==,9yLxqUxzmE6eLJ8LRNbBxw==,0.0,2.0,0.0,1,22,3,0,0,3,3,3,3,3
hCffFh60EkaWRcJBfxMRkQ==,Yr14CIWopUK5iELzv7A8Ww==,43.0,0.0,1.0,1,22,2,0,0,2,2,2,2,2
hCffFh60EkaWRcJBfxMRkQ==,Yr14CIWopUK5iELzv7A8Ww==,43.0,0.0,1.0,1,22,2,0,0,2,2,2,2,2
Xy0PQBdQA0OHYlbOUGvbHQ==,hNHvA/J1O0WTzB8vFaZRaQ==,0.0,3.0,0.0,1,22,1,0,0,1,1,1,1,1
MWY5bBVHEEOWUfnTwFnnHQ==,PQVJfZDrbEi7kygAZwdI1Q==,0.0,0.0,1.0,1,22,1,0,0,1,1,1,1,1
MWY5bBVHEEOWUfnTwFnnHQ==,aznNKqyfu0ywJjA6puiK6Q==,0.0,2.0,0.0,1,22,1,0,0,1,1,1,1,1
giY70S63zEKSA+4fCiC2jQ==,6M6q/NqTjE+BqvZu6VcBjw==,16.0,0.0,1.0,1,22,1,0,0,1,1,1,1,1
VBx8f+FnZUqmVAadfMLbjg==,U9Ls7yStnUGZJXgq5T+JbA==,1.0,4.0,2.0,1,22,1,0,0,1,1,1,1,1
giY70S63zEKSA+4fCiC2jQ==,gt45m0ztBUaQ5PTIsXAQWQ==,1.0,4.0,2.0,1,22,2,0,0,2,2,2,2,2
giY70S63zEKSA+4fCiC2jQ==,gt45m0ztBUaQ5PTIsXAQWQ==,1.0,4.0,2.0,1,22,2,0,0,2,2,2,2,2
Fr9oWfIRPk6Tn0F12240tw==,hdxhPkbskkCWU1qk5DveJA==,16.0,0.0,1.0,1,22,1,0,0,1,1,1,1,1
8a3y6LMcqkeQFa7wZsDkdQ==,+Jz1Ce8jeEibAXEU0AKfjw==,1.0,4.0,2.0,1,22,1,0,0,1,1,1,1,1
UiwLOUwWo0KFC3m/wD6frQ==,6lsVe44a1EmtDeTCYDPsvw==,2.0,0.0,1.0,1,22,1,0,0,1,1,1,1,1
gwlc4zxoJEivY9vtdKLc2A==,Lf9/QReBUUy27wKsJDZ1wg==,15.0,0.0,1.0,1,22,1,0,0,1,1,1,1,1
lKoFpuHAH06xje2KqaS8Fw==,kzzp1FTOh0G8d4xooM1v2w==,0.0,1.0,0.0,1,22,1,1,0,2,2,2,2,2
lKoFpuHAH06xje2KqaS8Fw==,kzzp1FTOh0G8d4xooM1v2w==,0.0,1.0,0.0,1,22,1,1,0,2,2,2,2,2
wpaU0jdh90qQONu144iIig==,mGAtJFdArEilCqYQRb7MOA==,0.0,1.0,0.0,1,22,1,0,0,1,1,1,1,1
lKoFpuHAH06xje2KqaS8Fw==,LgoO0DHARkuRkH0jNe98dg==,2.0,0.0,1.0,1,22,1,0,0,1,1,1,1,1
giY70S63zEKSA+4fCiC2jQ==,kHC1xM/LO0KoZUDMekmKeA==,8.0,0.0,1.0,1,22,1,0,0,1,1,1,1,1
VCkXEQJxMEaCOzfgHgncSQ==,RBNzXp2p4E2AAqONxI4pEQ==,0.0,1.0,0.0,1,22,1,0,0,1,1,1,1,1
MWY5bBVHEEOWUfnTwFnnHQ==,YyR2OmyRqkKSnG+9v7/7nA==,5.0,0.0,1.0,1,22,1,0,0,1,1,1,1,1
MWY5bBVHEEOWUfnTwFnnHQ==,c8PBVjQCWkKKaWoZ2Chi9g==,0.0,2.0,0.0,1,22,1,0,0,1,1,1,1,1
O0gXPxm1z0yo2WOV0o+Xkw==,xXAd7hUgKUuUt6YUDQpemw==,8.0,0.0,1.0,1,22,1,0,0,1,1,1,1,1
Fr9oWfIRPk6Tn0F12240tw==,U5Y7lBn040KzOihrRFGxHA==,6.0,0.0,1.0,1,22,1,0,0,1,1,1,1,1
3a1+o8O8UUuye6u4ZjcoaQ==,g6DC0ahKWUioOk6TJvcI4w==,10.0,0.0,1.0,1,22,1,0,0,1,1,1,1,1
giY70S63zEKSA+4fCiC2jQ==,wj/i9LWj2EC0o+UVd7gDJg==,0.0,1.0,0.0,1,22,1,0,0,1,1,1,1,1
O0gXPxm1z0yo2WOV0o+Xkw==,ZUCwxmnB/0KdMq9FYaLcSw==,46.0,0.0,1.0,1,22,1,0,0,1,1,1,1,1
giY70S63zEKSA+4fCiC2jQ==,L1DiMfFZ4kqZEucudFEmlw==,5.0,0.0,1.0,1,22,1,0,0,1,1,1,1,1
bsKc1tAibEmZ+BwwISsw0Q==,RIBNvThgoU+AUAHEPWJO3w==,0.0,5.0,0.0,1,22,1,0,0,1,1,1,1,1
giY70S63zEKSA+4fCiC2jQ==,o3ppug/V6Em0GhbpRcLobA==,0.0,0.0,1.0,1,22,1,0,0,1,1,1,1,1
MWY5bBVHEEOWUfnTwFnnHQ==,xRO1BGomE0Wc92KcgLiOjQ==,0.0,1.0,0.0,1,22,1,0,0,1,1,1,1,1
ZGPn2hAg+E+bm+6pAK3e7g==,258Zboruw0iU6GrkToe0tA==,26.0,4.0,2.0,1,22,1,0,0,1,1,1,1,1
MWY5bBVHEEOWUfnTwFnnHQ==,4Lmxtz4aNEa4ptwqDV+I+w==,6.0,0.0,1.0,1,22,1,0,0,1,1,1,1,1
O0gXPxm1z0yo2WOV0o+Xkw==,KWijtRSTH0a3UAWeeDgP/A==,44.0,0.0,1.0,1,22,1,0,0,1,1,1,1,1
MWY5bBVHEEOWUfnTwFnnHQ==,qoM+p73bnkWNvAcHGgxX9g==,0.0,1.0,0.0,1,22,2,0,0,2,2,2,2,2
MWY5bBVHEEOWUfnTwFnnHQ==,qoM+p73bnkWNvAcHGgxX9g==,0.0,1.0,0.0,1,22,2,0,0,2,2,2,2,2
Vfb5r+7yXk68byerajScsQ==,uueSfNfWU0KSYL4twN8NAA==,0.0,2.0,4.0,1,22,1,0,0,1,1,1,1,1
kp2ev3khwEeVqZ7qW0pJug==,Tqt3evUoQEe/7kySstODZQ==,12.0,0.0,1.0,1,22,1,0,0,1,1,1,1,1
giY70S63zEKSA+4fCiC2jQ==,bF+F8e6w1kuoRKqdyn+Nsg==,0.0,3.0,0.0,1,22,1,0,0,1,1,1,1,1
bsKc1tAibEmZ+BwwISsw0Q==,tY9ECNsMQ0CPwwFz3yQHaA==,0.0,1.0,0.0,1,22,1,0,0,1,1,1,1,1
MWY5bBVHEEOWUfnTwFnnHQ==,yDuwa/1nmUayNNY5VKksjg==,1.0,4.0,2.0,1,22,1,0,0,1,1,1,1,1
3a1+o8O8UUuye6u4ZjcoaQ==,9sAonqDU4EeoXuUwf66axw==,2.0,0.0,1.0,1,22,2,0,0,2,2,2,2,2
3a1+o8O8UUuye6u4ZjcoaQ==,9sAonqDU4EeoXuUwf66axw==,2.0,0.0,1.0,1,22,2,0,0,2,2,2,2,2
bsKc1tAibEmZ+BwwISsw0Q==,omhviLuYhkO/3RsQ3G+FDw==,28.0,0.0,1.0,1,22,1,0,0,1,1,1,1,1
z6qHyTx3M0GmcKYDKB8Avg==,wprujml21UWRG/LFuXIVtQ==,0.0,1.0,3.0,1,22,1,0,0,1,1,1,1,1
Vfb5r+7yXk68byerajScsQ==,TJv4iQytT0OifwCtbHT3xQ==,0.0,2.0,0.0,1,22,2,0,0,2,2,2,2,2
Vfb5r+7yXk68byerajScsQ==,TJv4iQytT0OifwCtbHT3xQ==,0.0,2.0,0.0,1,22,2,0,0,2,2,2,2,2
giY70S63zEKSA+4fCiC2jQ==,TtRRwNP4MUuCPiMdq2lZsQ==,16.0,0.0,1.0,1,22,1,0,0,1,1,1,1,1
MWY5bBVHEEOWUfnTwFnnHQ==,dOtXlH6IAUKBmp7cip+wNw==,0.0,1.0,0.0,1,22,0,3,0,3,3,3,3,3
MWY5bBVHEEOWUfnTwFnnHQ==,dOtXlH6IAUKBmp7cip+wNw==,0.0,1.0,0.0,1,22,0,3,0,3,3,3,3,3
MWY5bBVHEEOWUfnTwFnnHQ==,dOtXlH6IAUKBmp7cip+wNw==,0.0,1.0,0.0,1,22,0,3,0,3,3,3,3,3
+fFJcQp8sUScovDIJdYErg==,i0wEZjhIqEKnXebd63vSUA==,0.0,1.0,0.0,1,22,1,0,0,1,1,1,1,1
Fr9oWfIRPk6Tn0F12240tw==,pcRFKcCT2UqxJ61jc/L7CQ==,0.0,2.0,0.0,1,22,1,0,0,1,1,1,1,1
rtieEqQqcEu0sMoF3BR0Cg==,S/9xW2wEwU6Kg6xNDBIBeg==,0.0,5.0,0.0,1,22,1,0,0,1,1,1,1,1
mIIyZtMCUEmDvi0oNGvZGQ==,alAL5kOE+EGLCjJrqvUa0A==,0.0,1.0,0.0,1,22,1,0,0,1,1,1,1,1
wpaU0jdh90qQONu144iIig==,SlzXXjdVB0SiURQqfmYJQw==,0.0,3.0,0.0,1,22,1,0,0,1,1,1,1,1
Vfb5r+7yXk68byerajScsQ==,iWWY7KBx00aUMPB1ras/PQ==,0.0,1.0,0.0,1,22,2,0,0,2,2,2,2,2
Vfb5r+7yXk68byerajScsQ==,iWWY7KBx00aUMPB1ras/PQ==,0.0,1.0,0.0,1,22,2,0,0,2,2,2,2,2
M1+3xXFmE0q6b+9HVdxQ1w==,wbvkzrW3v0+kDqf+Nv1WGw==,0.0,1.0,0.0,1,22,1,0,0,1,1,1,1,1
giY70S63zEKSA+4fCiC2jQ==,DwZonteeE0GeD6DlCl2+8A==,1.0,4.0,2.0,1,22,1,0,0,1,1,1,1,1
lKoFpuHAH06xje2KqaS8Fw==,TKM+vXcpzUuf0xnxkImCeQ==,0.0,1.0,0.0,1,22,1,0,0,1,1,1,1,1
3a1+o8O8UUuye6u4ZjcoaQ==,UUZRTG6HZkyppdTwc8zhKA==,0.0,1.0,0.0,1,22,1,0,0,1,1,1,1,1
kp2ev3khwEeVqZ7qW0pJug==,gxdlu8fHjEGw9FlebmuFHQ==,0.0,0.0,1.0,1,22,1,0,0,1,1,1,1,1
bsKc1tAibEmZ+BwwISsw0Q==,uupurkBI2Eamcxhmu705kw==,2.0,0.0,1.0,1,22,1,0,0,1,1,1,1,1
MWY5bBVHEEOWUfnTwFnnHQ==,zj9Be6WNukaNySPvs2PfYQ==,0.0,1.0,0.0,1,22,1,0,0,1,1,1,1,1
3a1+o8O8UUuye6u4ZjcoaQ==,0oCSZ6bmj0yoipyEYErESw==,8.0,0.0,1.0,1,22,1,0,0,1,1,1,1,1
3a1+o8O8UUuye6u4ZjcoaQ==,Qd3VQtIYlUq/Z5Spa1f31Q==,39.0,0.0,1.0,1,22,1,0,0,1,1,1,1,1
z6qHyTx3M0GmcKYDKB8Avg==,6EIZ94NyTUWgorRgpg+sIQ==,59.0,0.0,1.0,1,22,1,0,0,1,1,1,1,1
/2GxWWz5pESisE9fXW7i8Q==,PttxNqZhUU2dMfjuP8s3Pw==,0.0,6.0,0.0,1,22,1,0,0,1,1,1,1,1
M1+3xXFmE0q6b+9HVdxQ1w==,5NV1a4e1y0ynskBPfbmJgw==,0.0,1.0,0.0,1,22,1,0,0,1,1,1,1,1
MWY5bBVHEEOWUfnTwFnnHQ==,QE1qPoi2uEOnFHddMuLMHA==,0.0,0.0,1.0,1,22,1,0,0,1,1,1,1,1
giY70S63zEKSA+4fCiC2jQ==,+Nf7WeTqrU2m9bBNp0WOPw==,24.0,0.0,1.0,1,22,1,0,0,1,1,1,1,1
z6qHyTx3M0GmcKYDKB8Avg==,4JC3Z6auukmJenJGMb7ASQ==,0.0,1.0,0.0,1,22,1,0,0,1,1,1,1,1
bsKc1tAibEmZ+BwwISsw0Q==,UB6D7Of060CCFCz1hb4loA==,0.0,6.0,0.0,1,22,1,0,0,1,1,1,1,1
3uO/4h+nuUmsm7uDytwCxA==,+jdB1XdbVUmIGVhjmKcHDA==,75.0,0.0,1.0,1,22,1,0,0,1,1,1,1,1
Xy0PQBdQA0OHYlbOUGvbHQ==,9n5WggU/NkaRXAX08HyZOA==,0.0,1.0,0.0,1,22,1,0,0,1,1,1,1,1
lKoFpuHAH06xje2KqaS8Fw==,+B6iF2sD5EqQs9ERd9t2wA==,0.0,1.0,0.0,1,22,0,1,0,1,1,1,1,1
O0gXPxm1z0yo2WOV0o+Xkw==,kDQB7GlydE6mnhRyGvXtXQ==,4.0,0.0,1.0,1,22,1,0,0,1,1,1,1,1
3a1+o8O8UUuye6u4ZjcoaQ==,M4kA0mJyk0OjC+309RhiFQ==,9.0,0.0,1.0,1,22,1,0,0,1,1,1,1,1
CfTD2DR1KkKRZwZPIYKnKA==,miq0xXVXGkaAEEa5E7PnGg==,3.0,0.0,1.0,1,22,20,0,0,20,20,20,20,20
CfTD2DR1KkKRZwZPIYKnKA==,miq0xXVXGkaAEEa5E7PnGg==,3.0,0.0,1.0,1,22,20,0,0,20,20,20,20,20
CfTD2DR1KkKRZwZPIYKnKA==,miq0xXVXGkaAEEa5E7PnGg==,3.0,0.0,1.0,1,22,20,0,0,20,20,20,20,20
CfTD2DR1KkKRZwZPIYKnKA==,miq0xXVXGkaAEEa5E7PnGg==,3.0,0.0,1.0,1,22,20,0,0,20,20,20,20,20
CfTD2DR1KkKRZwZPIYKnKA==,miq0xXVXGkaAEEa5E7PnGg==,3.0,0.0,1.0,1,22,20,0,0,20,20,20,20,20
CfTD2DR1KkKRZwZPIYKnKA==,miq0xXVXGkaAEEa5E7PnGg==,3.0,0.0,1.0,1,22,20,0,0,20,20,20,20,20
CfTD2DR1KkKRZwZPIYKnKA==,miq0xXVXGkaAEEa5E7PnGg==,3.0,0.0,1.0,1,22,20,0,0,20,20,20,20,20
CfTD2DR1KkKRZwZPIYKnKA==,miq0xXVXGkaAEEa5E7PnGg==,3.0,0.0,1.0,1,22,20,0,0,20,20,20,20,20
CfTD2DR1KkKRZwZPIYKnKA==,miq0xXVXGkaAEEa5E7PnGg==,3.0,0.0,1.0,1,22,20,0,0,20,20,20,20,20
CfTD2DR1KkKRZwZPIYKnKA==,miq0xXVXGkaAEEa5E7PnGg==,3.0,0.0,1.0,1,22,20,0,0,20,20,20,20,20
CfTD2DR1KkKRZwZPIYKnKA==,miq0xXVXGkaAEEa5E7PnGg==,3.0,0.0,1.0,1,22,20,0,0,20,20,20,20,20
CfTD2DR1KkKRZwZPIYKnKA==,miq0xXVXGkaAEEa5E7PnGg==,3.0,0.0,1.0,1,22,20,0,0,20,20,20,20,20
CfTD2DR1KkKRZwZPIYKnKA==,miq0xXVXGkaAEEa5E7PnGg==,3.0,0.0,1.0,1,22,20,0,0,20,20,20,20,20
CfTD2DR1KkKRZwZPIYKnKA==,miq0xXVXGkaAEEa5E7PnGg==,3.0,0.0,1.0,1,22,20,0,0,20,20,20,20,20
CfTD2DR1KkKRZwZPIYKnKA==,miq0xXVXGkaAEEa5E7PnGg==,3.0,0.0,1.0,1,22,20,0,0,20,20,20,20,20
CfTD2DR1KkKRZwZPIYKnKA==,miq0xXVXGkaAEEa5E7PnGg==,3.0,0.0,1.0,1,22,20,0,0,20,20,20,20,20
CfTD2DR1KkKRZwZPIYKnKA==,miq0xXVXGkaAEEa5E7PnGg==,3.0,0.0,1.0,1,22,20,0,0,20,20,20,20,20
CfTD2DR1KkKRZwZPIYKnKA==,miq0xXVXGkaAEEa5E7PnGg==,3.0,0.0,1.0,1,22,20,0,0,20,20,20,20,20
CfTD2DR1KkKRZwZPIYKnKA==,miq0xXVXGkaAEEa5E7PnGg==,3.0,0.0,1.0,1,22,20,0,0,20,20,20,20,20
CfTD2DR1KkKRZwZPIYKnKA==,miq0xXVXGkaAEEa5E7PnGg==,3.0,0.0,1.0,1,22,20,0,0,20,20,20,20,20
giY70S63zEKSA+4fCiC2jQ==,siWaQp2wX0uoWTSEQ02Zqw==,62.0,0.0,8.0,1,22,1,0,0,1,1,1,1,1
VBx8f+FnZUqmVAadfMLbjg==,NhaLhSAaAUORzbkOcvv2tg==,79.0,0.0,1.0,1,22,1,0,0,1,1,1,1,1
ZGPn2hAg+E+bm+6pAK3e7g==,a/uh39EeZUWAtz+U7AbMRg==,0.0,3.0,0.0,1,22,1,0,0,1,1,1,1,1
MWY5bBVHEEOWUfnTwFnnHQ==,l5SDMXYSXEmIK8dJyO2dDA==,0.0,1.0,0.0,1,22,2,0,0,2,2,2,2,2
MWY5bBVHEEOWUfnTwFnnHQ==,l5SDMXYSXEmIK8dJyO2dDA==,0.0,1.0,0.0,1,22,2,0,0,2,2,2,2,2
ZGPn2hAg+E+bm+6pAK3e7g==,PLrBZXwUkkmxgeSCGbRYtw==,55.0,0.0,1.0,1,22,1,0,0,1,1,1,1,1
3uO/4h+nuUmsm7uDytwCxA==,ShnfUmLkIU20mYgVEglAGA==,6.0,0.0,1.0,1,22,1,0,0,1,1,1,1,1
wpaU0jdh90qQONu144iIig==,j+CnqP0Ov0y/3HtGcINpMg==,0.0,2.0,0.0,1,22,1,0,0,1,1,1,1,1
rtieEqQqcEu0sMoF3BR0Cg==,pGjYOw5jH02/V9vuQ9lS7A==,12.0,0.0,1.0,1,22,1,0,0,1,1,1,1,1
MWY5bBVHEEOWUfnTwFnnHQ==,G5dTuPNv5Eu0QlKxRxJZiw==,0.0,1.0,0.0,1,22,1,0,0,1,1,1,1,1
00eVKE2/0U6GyaSwxxBq2A==,JkqQV4Gjnku+/5Me8/UDqg==,9.0,0.0,1.0,1,22,1,0,0,1,1,1,1,1
MWY5bBVHEEOWUfnTwFnnHQ==,HBVfe25+8E2lk3E99iL7+Q==,2.0,0.0,1.0,1,22,1,0,0,1,1,1,1,1
giY70S63zEKSA+4fCiC2jQ==,IHr8MHuW6kytRiP9ybidSw==,0.0,1.0,0.0,1,22,1,0,0,1,1,1,1,1
MWY5bBVHEEOWUfnTwFnnHQ==,c09nikI3kke7gUsSA2Skbw==,0.0,1.0,3.0,1,22,1,0,0,1,1,1,1,1
giY70S63zEKSA+4fCiC2jQ==,eHGsp+AR4ESYQXFfVrvsVg==,3.0,0.0,1.0,1,22,4,0,0,4,4,4,4,4
giY70S63zEKSA+4fCiC2jQ==,eHGsp+AR4ESYQXFfVrvsVg==,3.0,0.0,1.0,1,22,4,0,0,4,4,4,4,4
giY70S63zEKSA+4fCiC2jQ==,eHGsp+AR4ESYQXFfVrvsVg==,3.0,0.0,1.0,1,22,4,0,0,4,4,4,4,4
giY70S63zEKSA+4fCiC2jQ==,eHGsp+AR4ESYQXFfVrvsVg==,3.0,0.0,1.0,1,22,4,0,0,4,4,4,4,4
MWY5bBVHEEOWUfnTwFnnHQ==,fbSs3Sd7XEy2Yv07SQee2Q==,0.0,1.0,0.0,1,22,1,0,0,1,1,1,1,1
Vfb5r+7yXk68byerajScsQ==,rJbSqRnUgkSZVsYm3+ALsg==,0.0,1.0,0.0,1,22,12,0,0,12,12,12,12,12
Vfb5r+7yXk68byerajScsQ==,rJbSqRnUgkSZVsYm3+ALsg==,0.0,1.0,0.0,1,22,12,0,0,12,12,12,12,12
Vfb5r+7yXk68byerajScsQ==,rJbSqRnUgkSZVsYm3+ALsg==,0.0,1.0,0.0,1,22,12,0,0,12,12,12,12,12
Vfb5r+7yXk68byerajScsQ==,rJbSqRnUgkSZVsYm3+ALsg==,0.0,1.0,0.0,1,22,12,0,0,12,12,12,12,12
Vfb5r+7yXk68byerajScsQ==,rJbSqRnUgkSZVsYm3+ALsg==,0.0,1.0,0.0,1,22,12,0,0,12,12,12,12,12
Vfb5r+7yXk68byerajScsQ==,rJbSqRnUgkSZVsYm3+ALsg==,0.0,1.0,0.0,1,22,12,0,0,12,12,12,12,12
Vfb5r+7yXk68byerajScsQ==,rJbSqRnUgkSZVsYm3+ALsg==,0.0,1.0,0.0,1,22,12,0,0,12,12,12,12,12
Vfb5r+7yXk68byerajScsQ==,rJbSqRnUgkSZVsYm3+ALsg==,0.0,1.0,0.0,1,22,12,0,0,12,12,12,12,12
Vfb5r+7yXk68byerajScsQ==,rJbSqRnUgkSZVsYm3+ALsg==,0.0,1.0,0.0,1,22,12,0,0,12,12,12,12,12
Vfb5r+7yXk68byerajScsQ==,rJbSqRnUgkSZVsYm3+ALsg==,0.0,1.0,0.0,1,22,12,0,0,12,12,12,12,12
Vfb5r+7yXk68byerajScsQ==,rJbSqRnUgkSZVsYm3+ALsg==,0.0,1.0,0.0,1,22,12,0,0,12,12,12,12,12
Vfb5r+7yXk68byerajScsQ==,rJbSqRnUgkSZVsYm3+ALsg==,0.0,1.0,0.0,1,22,12,0,0,12,12,12,12,12
mdGsiEUtCkuDax3BHMUKaw==,1/iLB3TY2Um6CH2VQNBhww==,8.0,0.0,1.0,1,22,1,0,0,1,1,1,1,1
MWY5bBVHEEOWUfnTwFnnHQ==,jL+ovvTtMEaAGLDkYLjMUg==,2.0,0.0,1.0,1,22,1,0,0,1,1,1,1,1
Fr9oWfIRPk6Tn0F12240tw==,0f/ywaNFykaRElihy6k/Lw==,48.0,0.0,1.0,1,22,2,0,0,2,2,2,2,2
Fr9oWfIRPk6Tn0F12240tw==,0f/ywaNFykaRElihy6k/Lw==,48.0,0.0,1.0,1,22,2,0,0,2,2,2,2,2
rtieEqQqcEu0sMoF3BR0Cg==,FD3zlQT07kuaRD1cLLhi/w==,0.0,1.0,0.0,1,22,1,0,0,1,1,1,1,1
giY70S63zEKSA+4fCiC2jQ==,nj2FFwic/UuThE5HIJeU0w==,6.0,0.0,1.0,1,22,1,0,0,1,1,1,1,1
O0gXPxm1z0yo2WOV0o+Xkw==,ERKzikSfRUyQylQiBlWdoQ==,18.0,0.0,1.0,1,22,0,1,0,1,1,1,1,1
Vfb5r+7yXk68byerajScsQ==,WY0hm3n+vEaMJv5Qb6yo0g==,71.0,0.0,1.0,1,22,1,0,0,1,1,1,1,1
qR8YbQr2PUmE27VvgFzv3w==,XU/6490VTUSnSByUrQa5Pw==,44.0,0.0,1.0,1,22,1,0,0,1,1,1,1,1
EsCYia3Mx0COa0vjEDU9dA==,F0bhdJmetE6MBBoreiGS/w==,2.0,0.0,1.0,1,22,2,0,0,2,2,2,2,2
EsCYia3Mx0COa0vjEDU9dA==,F0bhdJmetE6MBBoreiGS/w==,2.0,0.0,1.0,1,22,2,0,0,2,2,2,2,2
O0gXPxm1z0yo2WOV0o+Xkw==,WJKOhyQ5WU2oDxpv8KWRdA==,8.0,0.0,1.0,1,22,1,0,0,1,1,1,1,1
VBx8f+FnZUqmVAadfMLbjg==,BqJx+PPR90OlLM8qB0kAlg==,0.0,2.0,0.0,1,22,1,0,0,1,1,1,1,1
lKoFpuHAH06xje2KqaS8Fw==,Htzi9eidGkmH+cYhnxnaug==,0.0,3.0,0.0,1,22,1,0,0,1,1,1,1,1
3a1+o8O8UUuye6u4ZjcoaQ==,Oi1kilqSMEyd7ZhU6Ze9Uw==,0.0,0.0,1.0,1,22,1,0,0,1,1,1,1,1
Fr9oWfIRPk6Tn0F12240tw==,glSP5lG9EU6Pd1ThpBLzBg==,5.0,0.0,1.0,1,22,0,1,1,2,2,2,2,2
Fr9oWfIRPk6Tn0F12240tw==,glSP5lG9EU6Pd1ThpBLzBg==,5.0,0.0,1.0,1,22,0,1,1,2,2,2,2,2
Fr9oWfIRPk6Tn0F12240tw==,jXNRdn9T50OK/LGZXtsdeg==,21.0,0.0,1.0,1,22,0,0,1,1,1,1,1,1
EsCYia3Mx0COa0vjEDU9dA==,MVABd19+0UymW3AjF8C47g==,4.0,0.0,1.0,1,22,1,0,1,2,2,2,2,2
EsCYia3Mx0COa0vjEDU9dA==,MVABd19+0UymW3AjF8C47g==,4.0,0.0,1.0,1,22,1,0,1,2,2,2,2,2
O0gXPxm1z0yo2WOV0o+Xkw==,6gPRcGbM20OJWQeW5cXM6A==,25.0,0.0,1.0,1,22,1,0,0,1,1,1,1,1
Xh+kw/JYUEeQ+phkA+hngA==,PVrf1hHgTkCXRAJCLP3/Fg==,0.0,0.0,1.0,1,22,2,0,0,2,2,2,2,2
Xh+kw/JYUEeQ+phkA+hngA==,PVrf1hHgTkCXRAJCLP3/Fg==,0.0,0.0,1.0,1,22,2,0,0,2,2,2,2,2
kp2ev3khwEeVqZ7qW0pJug==,Uao4WBT5ZEOTPmD3GN2yvg==,1.0,4.0,2.0,1,22,1,1,0,2,2,2,2,2
kp2ev3khwEeVqZ7qW0pJug==,Uao4WBT5ZEOTPmD3GN2yvg==,1.0,4.0,2.0,1,22,1,1,0,2,2,2,2,2
Vfb5r+7yXk68byerajScsQ==,h+0MacF/JUKTfRuVuID5hw==,0.0,3.0,0.0,1,22,1,0,0,1,1,1,1,1
MWY5bBVHEEOWUfnTwFnnHQ==,z+3/YkupyU2fUtSp5ykpzg==,0.0,1.0,0.0,1,22,2,0,0,2,2,2,2,2
MWY5bBVHEEOWUfnTwFnnHQ==,z+3/YkupyU2fUtSp5ykpzg==,0.0,1.0,0.0,1,22,2,0,0,2,2,2,2,2
qR8YbQr2PUmE27VvgFzv3w==,i0ey1mI+/UyJFFahDP/nMg==,1.0,4.0,2.0,1,22,4,1,0,5,5,5,5,5
qR8YbQr2PUmE27VvgFzv3w==,i0ey1mI+/UyJFFahDP/nMg==,1.0,4.0,2.0,1,22,4,1,0,5,5,5,5,5
qR8YbQr2PUmE27VvgFzv3w==,i0ey1mI+/UyJFFahDP/nMg==,1.0,4.0,2.0,1,22,4,1,0,5,5,5,5,5
qR8YbQr2PUmE27VvgFzv3w==,i0ey1mI+/UyJFFahDP/nMg==,1.0,4.0,2.0,1,22,4,1,0,5,5,5,5,5
qR8YbQr2PUmE27VvgFzv3w==,i0ey1mI+/UyJFFahDP/nMg==,1.0,4.0,2.0,1,22,4,1,0,5,5,5,5,5
3uO/4h+nuUmsm7uDytwCxA==,1JUICZSnXE6z2sGFZZj72g==,0.0,1.0,6.0,1,22,2,0,0,2,2,2,2,2
3uO/4h+nuUmsm7uDytwCxA==,1JUICZSnXE6z2sGFZZj72g==,0.0,1.0,6.0,1,22,2,0,0,2,2,2,2,2
EuJyH2/HWkyW9HsQY3jCKw==,PCFa9i54t0OQoLhIbYQw8g==,5.0,0.0,1.0,1,22,4,0,0,4,4,4,4,4
EuJyH2/HWkyW9HsQY3jCKw==,PCFa9i54t0OQoLhIbYQw8g==,5.0,0.0,1.0,1,22,4,0,0,4,4,4,4,4
EuJyH2/HWkyW9HsQY3jCKw==,PCFa9i54t0OQoLhIbYQw8g==,5.0,0.0,1.0,1,22,4,0,0,4,4,4,4,4
EuJyH2/HWkyW9HsQY3jCKw==,PCFa9i54t0OQoLhIbYQw8g==,5.0,0.0,1.0,1,22,4,0,0,4,4,4,4,4
z6qHyTx3M0GmcKYDKB8Avg==,kcctYzcIVEieU56+Yr26fg==,4.0,0.0,1.0,1,22,1,0,0,1,1,1,1,1
Vfb5r+7yXk68byerajScsQ==,T5vxS1HocEWeo2Nvu75h5Q==,64.0,0.0,0.0,1,22,1,0,0,1,1,1,1,1
giY70S63zEKSA+4fCiC2jQ==,bsNQclJwa0Gmpy2TaRGs5Q==,0.0,1.0,0.0,1,22,1,0,0,1,1,1,1,1
O0gXPxm1z0yo2WOV0o+Xkw==,WeWN7v7nuESwnFKiH3fmhg==,5.0,0.0,1.0,1,22,2,1,0,3,3,3,3,3
O0gXPxm1z0yo2WOV0o+Xkw==,WeWN7v7nuESwnFKiH3fmhg==,5.0,0.0,1.0,1,22,2,1,0,3,3,3,3,3
O0gXPxm1z0yo2WOV0o+Xkw==,WeWN7v7nuESwnFKiH3fmhg==,5.0,0.0,1.0,1,22,2,1,0,3,3,3,3,3
O0gXPxm1z0yo2WOV0o+Xkw==,Xhgoky0vEEGx9Utqsmh+wA==,0.0,2.0,0.0,1,22,2,0,0,2,2,2,2,2
O0gXPxm1z0yo2WOV0o+Xkw==,Xhgoky0vEEGx9Utqsmh+wA==,0.0,2.0,0.0,1,22,2,0,0,2,2,2,2,2
Xh+kw/JYUEeQ+phkA+hngA==,jF0vYmFKoEKM9YA6DlyIxg==,0.0,2.0,0.0,1,22,1,1,0,2,2,2,2,2
Xh+kw/JYUEeQ+phkA+hngA==,jF0vYmFKoEKM9YA6DlyIxg==,0.0,2.0,0.0,1,22,1,1,0,2,2,2,2,2
MWY5bBVHEEOWUfnTwFnnHQ==,/ynYG5XEZEiFHUEwKITi7g==,0.0,0.0,1.0,1,22,1,0,0,1,1,1,1,1
MWY5bBVHEEOWUfnTwFnnHQ==,qbiIWwIo2USF0lpy6OzcHw==,0.0,1.0,0.0,1,22,1,0,0,1,1,1,1,1
bsKc1tAibEmZ+BwwISsw0Q==,3xtc1VHy20mQqohu6xy3Hg==,0.0,1.0,0.0,1,22,1,0,0,1,1,1,1,1
giY70S63zEKSA+4fCiC2jQ==,X76acNI+iEiJYv1MOHdOVQ==,0.0,3.0,0.0,1,22,1,0,0,1,1,1,1,1
3a1+o8O8UUuye6u4ZjcoaQ==,7DJumYup+Eizz6k9s/Hlrw==,4.0,0.0,1.0,1,22,2,0,0,2,2,2,2,2
3a1+o8O8UUuye6u4ZjcoaQ==,7DJumYup+Eizz6k9s/Hlrw==,4.0,0.0,1.0,1,22,2,0,0,2,2,2,2,2
MWY5bBVHEEOWUfnTwFnnHQ==,8ykJuTc+RkCgMzJpKxPYew==,0.0,0.0,1.0,1,22,2,0,0,2,2,2,2,2
MWY5bBVHEEOWUfnTwFnnHQ==,8ykJuTc+RkCgMzJpKxPYew==,0.0,0.0,1.0,1,22,2,0,0,2,2,2,2,2
MbuYnXh5UkKpHG+8JP2aLg==,FuycZ237JUyacFxOrs83Rg==,0.0,1.0,0.0,1,22,1,0,0,1,1,1,1,1
Vfb5r+7yXk68byerajScsQ==,GscMhEY3skS3ko6YwmVN7g==,0.0,2.0,0.0,1,22,1,0,0,1,1,1,1,1
3a1+o8O8UUuye6u4ZjcoaQ==,WD3c3YrMrkabzsloig+W1A==,24.0,0.0,1.0,1,22,1,0,0,1,1,1,1,1
bsKc1tAibEmZ+BwwISsw0Q==,lwjhsgBQy0ynLoWL/W1cAQ==,0.0,2.0,0.0,1,22,1,0,0,1,1,1,1,1
CfTD2DR1KkKRZwZPIYKnKA==,qqjgX+6wqEm2EOwt8OSgSg==,0.0,2.0,0.0,1,22,20,0,0,20,20,20,20,20
CfTD2DR1KkKRZwZPIYKnKA==,qqjgX+6wqEm2EOwt8OSgSg==,0.0,2.0,0.0,1,22,20,0,0,20,20,20,20,20
CfTD2DR1KkKRZwZPIYKnKA==,qqjgX+6wqEm2EOwt8OSgSg==,0.0,2.0,0.0,1,22,20,0,0,20,20,20,20,20
CfTD2DR1KkKRZwZPIYKnKA==,qqjgX+6wqEm2EOwt8OSgSg==,0.0,2.0,0.0,1,22,20,0,0,20,20,20,20,20
CfTD2DR1KkKRZwZPIYKnKA==,qqjgX+6wqEm2EOwt8OSgSg==,0.0,2.0,0.0,1,22,20,0,0,20,20,20,20,20
CfTD2DR1KkKRZwZPIYKnKA==,qqjgX+6wqEm2EOwt8OSgSg==,0.0,2.0,0.0,1,22,20,0,0,20,20,20,20,20
CfTD2DR1KkKRZwZPIYKnKA==,qqjgX+6wqEm2EOwt8OSgSg==,0.0,2.0,0.0,1,22,20,0,0,20,20,20,20,20
CfTD2DR1KkKRZwZPIYKnKA==,qqjgX+6wqEm2EOwt8OSgSg==,0.0,2.0,0.0,1,22,20,0,0,20,20,20,20,20
CfTD2DR1KkKRZwZPIYKnKA==,qqjgX+6wqEm2EOwt8OSgSg==,0.0,2.0,0.0,1,22,20,0,0,20,20,20,20,20
CfTD2DR1KkKRZwZPIYKnKA==,qqjgX+6wqEm2EOwt8OSgSg==,0.0,2.0,0.0,1,22,20,0,0,20,20,20,20,20
CfTD2DR1KkKRZwZPIYKnKA==,qqjgX+6wqEm2EOwt8OSgSg==,0.0,2.0,0.0,1,22,20,0,0,20,20,20,20,20
CfTD2DR1KkKRZwZPIYKnKA==,qqjgX+6wqEm2EOwt8OSgSg==,0.0,2.0,0.0,1,22,20,0,0,20,20,20,20,20
CfTD2DR1KkKRZwZPIYKnKA==,qqjgX+6wqEm2EOwt8OSgSg==,0.0,2.0,0.0,1,22,20,0,0,20,20,20,20,20
CfTD2DR1KkKRZwZPIYKnKA==,qqjgX+6wqEm2EOwt8OSgSg==,0.0,2.0,0.0,1,22,20,0,0,20,20,20,20,20
CfTD2DR1KkKRZwZPIYKnKA==,qqjgX+6wqEm2EOwt8OSgSg==,0.0,2.0,0.0,1,22,20,0,0,20,20,20,20,20
CfTD2DR1KkKRZwZPIYKnKA==,qqjgX+6wqEm2EOwt8OSgSg==,0.0,2.0,0.0,1,22,20,0,0,20,20,20,20,20
CfTD2DR1KkKRZwZPIYKnKA==,qqjgX+6wqEm2EOwt8OSgSg==,0.0,2.0,0.0,1,22,20,0,0,20,20,20,20,20
CfTD2DR1KkKRZwZPIYKnKA==,qqjgX+6wqEm2EOwt8OSgSg==,0.0,2.0,0.0,1,22,20,0,0,20,20,20,20,20
CfTD2DR1KkKRZwZPIYKnKA==,qqjgX+6wqEm2EOwt8OSgSg==,0.0,2.0,0.0,1,22,20,0,0,20,20,20,20,20
CfTD2DR1KkKRZwZPIYKnKA==,qqjgX+6wqEm2EOwt8OSgSg==,0.0,2.0,0.0,1,22,20,0,0,20,20,20,20,20
VBx8f+FnZUqmVAadfMLbjg==,ymgzS2QegkSzPyP1c7asGw==,0.0,1.0,0.0,1,22,0,1,0,1,1,1,1,1
giY70S63zEKSA+4fCiC2jQ==,DfC0eiEOf02Gb4SaPUEklQ==,0.0,0.0,1.0,1,22,1,0,0,1,1,1,1,1
gwlc4zxoJEivY9vtdKLc2A==,VGnyDRd1uU2lKQPKdkDuQg==,52.0,0.0,1.0,1,22,0,1,0,1,1,1,1,1
MWY5bBVHEEOWUfnTwFnnHQ==,XnsC8nrUVU+mc9HiFILcWA==,0.0,7.0,0.0,1,22,1,0,0,1,1,1,1,1
M1+3xXFmE0q6b+9HVdxQ1w==,fc5h511arkKlERvLOda9LQ==,0.0,2.0,0.0,1,22,2,0,0,2,2,2,2,2
M1+3xXFmE0q6b+9HVdxQ1w==,fc5h511arkKlERvLOda9LQ==,0.0,2.0,0.0,1,22,2,0,0,2,2,2,2,2
3a1+o8O8UUuye6u4ZjcoaQ==,y4sVsDLZzESvm9NN8cx3hA==,4.0,0.0,1.0,1,22,1,0,0,1,1,1,1,1
c689Vmfb3EGqG5j73gg3yQ==,AlEoQr27nUuOKa72h4gDog==,13.0,0.0,1.0,1,22,4,0,0,4,4,4,4,4
c689Vmfb3EGqG5j73gg3yQ==,AlEoQr27nUuOKa72h4gDog==,13.0,0.0,1.0,1,22,4,0,0,4,4,4,4,4
c689Vmfb3EGqG5j73gg3yQ==,AlEoQr27nUuOKa72h4gDog==,13.0,0.0,1.0,1,22,4,0,0,4,4,4,4,4
c689Vmfb3EGqG5j73gg3yQ==,AlEoQr27nUuOKa72h4gDog==,13.0,0.0,1.0,1,22,4,0,0,4,4,4,4,4
zZFsjPYflkyfD43Md3+9sg==,GxYdakAMjk+L2KqsHNNo1g==,0.0,2.0,0.0,1,22,2,0,0,2,2,2,2,2
zZFsjPYflkyfD43Md3+9sg==,GxYdakAMjk+L2KqsHNNo1g==,0.0,2.0,0.0,1,22,2,0,0,2,2,2,2,2
z6qHyTx3M0GmcKYDKB8Avg==,pJ1qjHHFyUaBajuKdWakbw==,33.0,0.0,1.0,1,22,3,0,0,3,3,3,3,3
z6qHyTx3M0GmcKYDKB8Avg==,pJ1qjHHFyUaBajuKdWakbw==,33.0,0.0,1.0,1,22,3,0,0,3,3,3,3,3
z6qHyTx3M0GmcKYDKB8Avg==,pJ1qjHHFyUaBajuKdWakbw==,33.0,0.0,1.0,1,22,3,0,0,3,3,3,3,3
VBx8f+FnZUqmVAadfMLbjg==,BiwuaH3KU0qgTqSETK4WZw==,0.0,3.0,0.0,1,22,1,0,0,1,1,1,1,1
O0gXPxm1z0yo2WOV0o+Xkw==,CGwQx8F1CE6s4loKKf16FA==,0.0,3.0,0.0,1,22,2,0,0,2,2,2,2,2
O0gXPxm1z0yo2WOV0o+Xkw==,CGwQx8F1CE6s4loKKf16FA==,0.0,3.0,0.0,1,22,2,0,0,2,2,2,2,2
MWY5bBVHEEOWUfnTwFnnHQ==,ClAkOixWe0KwxUD/r5ASCg==,32.0,0.0,1.0,1,22,1,0,0,1,1,1,1,1
O0gXPxm1z0yo2WOV0o+Xkw==,EvMZyh9aYkW6MGV8NSxtPw==,0.0,1.0,0.0,1,22,1,0,0,1,1,1,1,1
MWY5bBVHEEOWUfnTwFnnHQ==,J5Ch4XSlHki61JMvUMAQjQ==,0.0,3.0,0.0,1,22,3,0,0,3,3,3,3,3
MWY5bBVHEEOWUfnTwFnnHQ==,J5Ch4XSlHki61JMvUMAQjQ==,0.0,3.0,0.0,1,22,3,0,0,3,3,3,3,3
MWY5bBVHEEOWUfnTwFnnHQ==,J5Ch4XSlHki61JMvUMAQjQ==,0.0,3.0,0.0,1,22,3,0,0,3,3,3,3,3
O0gXPxm1z0yo2WOV0o+Xkw==,MY16p4uNeEuTfejSu9gEsA==,5.0,0.0,1.0,1,22,1,1,0,2,2,2,2,2
O0gXPxm1z0yo2WOV0o+Xkw==,MY16p4uNeEuTfejSu9gEsA==,5.0,0.0,1.0,1,22,1,1,0,2,2,2,2,2
O0gXPxm1z0yo2WOV0o+Xkw==,yDqcM1ZVvEq82W4M1UaV/Q==,4.0,0.0,1.0,1,22,0,1,0,1,1,1,1,1
giY70S63zEKSA+4fCiC2jQ==,LVy5+1arbEe9AV4xrp/40w==,2.0,0.0,1.0,1,22,1,0,0,1,1,1,1,1
mIIyZtMCUEmDvi0oNGvZGQ==,010zIN1B+kqqFXwHeMdQgA==,0.0,6.0,0.0,1,22,1,0,0,1,1,1,1,1
od0ZNuiUz0iWg7OxJZUcfQ==,7+2iMLzN3UqRF5EPfnc/+Q==,4.0,0.0,1.0,1,22,3,0,0,3,3,3,3,3
od0ZNuiUz0iWg7OxJZUcfQ==,7+2iMLzN3UqRF5EPfnc/+Q==,4.0,0.0,1.0,1,22,3,0,0,3,3,3,3,3
od0ZNuiUz0iWg7OxJZUcfQ==,7+2iMLzN3UqRF5EPfnc/+Q==,4.0,0.0,1.0,1,22,3,0,0,3,3,3,3,3
qR8YbQr2PUmE27VvgFzv3w==,EUzdmzf5/EaFOaXqkrGgHg==,0.0,0.0,1.0,1,22,2,0,0,2,2,2,2,2
qR8YbQr2PUmE27VvgFzv3w==,EUzdmzf5/EaFOaXqkrGgHg==,0.0,0.0,1.0,1,22,2,0,0,2,2,2,2,2
M1+3xXFmE0q6b+9HVdxQ1w==,QY3Tp4Q98Eeyzur4sFLAig==,0.0,1.0,0.0,1,22,2,0,0,2,2,2,2,2
M1+3xXFmE0q6b+9HVdxQ1w==,QY3Tp4Q98Eeyzur4sFLAig==,0.0,1.0,0.0,1,22,2,0,0,2,2,2,2,2
kp2ev3khwEeVqZ7qW0pJug==,Z3qfJzE7EEegHV00AJ57zw==,23.0,0.0,1.0,1,22,1,0,0,1,1,1,1,1
MWY5bBVHEEOWUfnTwFnnHQ==,zTtJ4e4gtUCmH3jsx7/VDg==,0.0,1.0,0.0,1,22,1,0,0,1,1,1,1,1
VBx8f+FnZUqmVAadfMLbjg==,DA0fdeJAK0iETCJ53j8ayg==,50.0,0.0,1.0,1,22,1,0,0,1,1,1,1,1
zZFsjPYflkyfD43Md3+9sg==,XKW80sT2CkuZ7sY9vr974g==,0.0,1.0,0.0,1,22,1,0,0,1,1,1,1,1
r/mIF223BE6nHHwbe6928g==,yOZL7d224kiAnmw1SwNHAQ==,50.0,0.0,1.0,1,22,1,0,0,1,1,1,1,1
O0gXPxm1z0yo2WOV0o+Xkw==,C6QcXIH1yEOI2uNWEKZ1pg==,15.0,0.0,1.0,1,22,1,0,0,1,1,1,1,1
z6qHyTx3M0GmcKYDKB8Avg==,i02SuORnC0e6aYJIx2HLxw==,1.0,4.0,2.0,1,22,2,0,0,2,2,2,2,2
z6qHyTx3M0GmcKYDKB8Avg==,i02SuORnC0e6aYJIx2HLxw==,1.0,4.0,2.0,1,22,2,0,0,2,2,2,2,2
lKoFpuHAH06xje2KqaS8Fw==,YuTuGfBxS0G61U4sJrpl0w==,0.0,2.0,0.0,1,22,2,1,0,3,3,3,3,3
lKoFpuHAH06xje2KqaS8Fw==,YuTuGfBxS0G61U4sJrpl0w==,0.0,2.0,0.0,1,22,2,1,0,3,3,3,3,3
lKoFpuHAH06xje2KqaS8Fw==,YuTuGfBxS0G61U4sJrpl0w==,0.0,2.0,0.0,1,22,2,1,0,3,3,3,3,3
giY70S63zEKSA+4fCiC2jQ==,s3guvGB4d0igkNpkNddnUg==,5.0,0.0,1.0,1,22,2,0,0,2,2,2,2,2
giY70S63zEKSA+4fCiC2jQ==,s3guvGB4d0igkNpkNddnUg==,5.0,0.0,1.0,1,22,2,0,0,2,2,2,2,2
giY70S63zEKSA+4fCiC2jQ==,+54o4Ho0rkiQ10nVD132Jg==,0.0,1.0,4.0,1,22,1,0,0,1,1,1,1,1
bsKc1tAibEmZ+BwwISsw0Q==,Vje2/eTNkkeSdjsVK5CzJQ==,5.0,0.0,1.0,1,22,1,0,0,1,1,1,1,1
3a1+o8O8UUuye6u4ZjcoaQ==,31Hu3ZbPoUOuSQV7Up91EQ==,0.0,0.0,1.0,1,22,1,0,0,1,1,1,1,1
MWY5bBVHEEOWUfnTwFnnHQ==,FgI3QsLG10GmKYri7m0Bgg==,23.0,0.0,1.0,1,22,1,0,0,1,1,1,1,1
3a1+o8O8UUuye6u4ZjcoaQ==,ii/mPofkoUqsX7k1BXmDtg==,4.0,0.0,1.0,1,22,1,0,0,1,1,1,1,1
Vfb5r+7yXk68byerajScsQ==,xUBlgvD/pkGFe0vfzSAtXQ==,0.0,8.0,0.0,1,22,1,0,0,1,1,1,1,1
qR8YbQr2PUmE27VvgFzv3w==,ykzje3z9akucrDf8cnKxZA==,0.0,0.0,1.0,1,22,1,0,0,1,1,1,1,1
hCffFh60EkaWRcJBfxMRkQ==,M8dWEFKyF0aDbe9OW1FYKw==,0.0,5.0,0.0,1,22,6,0,0,6,6,6,6,6
hCffFh60EkaWRcJBfxMRkQ==,M8dWEFKyF0aDbe9OW1FYKw==,0.0,5.0,0.0,1,22,6,0,0,6,6,6,6,6
hCffFh60EkaWRcJBfxMRkQ==,M8dWEFKyF0aDbe9OW1FYKw==,0.0,5.0,0.0,1,22,6,0,0,6,6,6,6,6
hCffFh60EkaWRcJBfxMRkQ==,M8dWEFKyF0aDbe9OW1FYKw==,0.0,5.0,0.0,1,22,6,0,0,6,6,6,6,6
hCffFh60EkaWRcJBfxMRkQ==,M8dWEFKyF0aDbe9OW1FYKw==,0.0,5.0,0.0,1,22,6,0,0,6,6,6,6,6
hCffFh60EkaWRcJBfxMRkQ==,M8dWEFKyF0aDbe9OW1FYKw==,0.0,5.0,0.0,1,22,6,0,0,6,6,6,6,6
MWY5bBVHEEOWUfnTwFnnHQ==,TQ9X5W7hZEOQtSsFwUI5Fw==,0.0,1.0,0.0,1,22,1,0,0,1,1,1,1,1
MWY5bBVHEEOWUfnTwFnnHQ==,kxdrLbVZB02h2W6ud9rgNg==,0.0,1.0,0.0,1,22,2,0,0,2,2,2,2,2
MWY5bBVHEEOWUfnTwFnnHQ==,kxdrLbVZB02h2W6ud9rgNg==,0.0,1.0,0.0,1,22,2,0,0,2,2,2,2,2
qR8YbQr2PUmE27VvgFzv3w==,II/OVW6u10yyeWbO1k3TjQ==,0.0,2.0,0.0,1,22,1,0,0,1,1,1,1,1
lKoFpuHAH06xje2KqaS8Fw==,khaBMXj25Uyr7asVfp4TyA==,8.0,0.0,1.0,1,22,2,0,0,2,2,2,2,2
lKoFpuHAH06xje2KqaS8Fw==,khaBMXj25Uyr7asVfp4TyA==,8.0,0.0,1.0,1,22,2,0,0,2,2,2,2,2
giY70S63zEKSA+4fCiC2jQ==,68VxdtKCZkWGR1o3KUwBCw==,0.0,1.0,0.0,1,22,1,0,0,1,1,1,1,1
gwlc4zxoJEivY9vtdKLc2A==,a65v0T7IAUeOdDEo3YI2pw==,0.0,1.0,0.0,1,22,2,0,0,2,2,2,2,2
gwlc4zxoJEivY9vtdKLc2A==,a65v0T7IAUeOdDEo3YI2pw==,0.0,1.0,0.0,1,22,2,0,0,2,2,2,2,2
wpaU0jdh90qQONu144iIig==,eM8pVX1p+U+OIeVK4m/39g==,0.0,6.0,0.0,1,22,1,0,0,1,1,1,1,1
O0gXPxm1z0yo2WOV0o+Xkw==,msrSsG9U2k++17dY4bIqnw==,11.0,0.0,1.0,1,22,1,0,0,1,1,1,1,1
UiwLOUwWo0KFC3m/wD6frQ==,yzvFDzV9nE+h1Q0nUG+XvA==,5.0,0.0,1.0,1,22,0,1,0,1,1,1,1,1
VBx8f+FnZUqmVAadfMLbjg==,2slOqrOnL0m9KVRUAmdaaw==,15.0,0.0,1.0,1,22,1,0,0,1,1,1,1,1
giY70S63zEKSA+4fCiC2jQ==,A5TBTk7xHUWByANrLJL8kQ==,4.0,0.0,1.0,1,22,1,0,0,1,1,1,1,1
MWY5bBVHEEOWUfnTwFnnHQ==,3sOH7fadAE6q4yuUdEOUKw==,0.0,2.0,0.0,1,22,1,0,0,1,1,1,1,1
QR5GW3Wd3Em5ao6l52N3lg==,Dvd48AOvRkaff154c138vQ==,12.0,0.0,1.0,1,22,8,0,0,8,8,8,8,8
QR5GW3Wd3Em5ao6l52N3lg==,Dvd48AOvRkaff154c138vQ==,12.0,0.0,1.0,1,22,8,0,0,8,8,8,8,8
QR5GW3Wd3Em5ao6l52N3lg==,Dvd48AOvRkaff154c138vQ==,12.0,0.0,1.0,1,22,8,0,0,8,8,8,8,8
QR5GW3Wd3Em5ao6l52N3lg==,Dvd48AOvRkaff154c138vQ==,12.0,0.0,1.0,1,22,8,0,0,8,8,8,8,8
QR5GW3Wd3Em5ao6l52N3lg==,Dvd48AOvRkaff154c138vQ==,12.0,0.0,1.0,1,22,8,0,0,8,8,8,8,8
QR5GW3Wd3Em5ao6l52N3lg==,Dvd48AOvRkaff154c138vQ==,12.0,0.0,1.0,1,22,8,0,0,8,8,8,8,8
QR5GW3Wd3Em5ao6l52N3lg==,Dvd48AOvRkaff154c138vQ==,12.0,0.0,1.0,1,22,8,0,0,8,8,8,8,8
QR5GW3Wd3Em5ao6l52N3lg==,Dvd48AOvRkaff154c138vQ==,12.0,0.0,1.0,1,22,8,0,0,8,8,8,8,8
MWY5bBVHEEOWUfnTwFnnHQ==,O8TI3eSAyEux0te96fq4IQ==,0.0,2.0,3.0,1,22,1,0,0,1,1,1,1,1
ncPWbJeki0i25+QCacP4JQ==,O8zCuMIMaUKsxXRN9gXmJg==,0.0,3.0,0.0,1,22,1,0,0,1,1,1,1,1
EuJyH2/HWkyW9HsQY3jCKw==,YuX52Y5yRE+hOXjDFob7Gg==,5.0,0.0,1.0,1,22,1,0,0,1,1,1,1,1
giY70S63zEKSA+4fCiC2jQ==,SiQFGpNi+0Cc0RYdnHkoww==,8.0,0.0,1.0,1,22,1,0,0,1,1,1,1,1
kp2ev3khwEeVqZ7qW0pJug==,VBPU8D4aDkqYmebD1D99IA==,0.0,2.0,0.0,1,22,2,0,0,2,2,2,2,2
kp2ev3khwEeVqZ7qW0pJug==,VBPU8D4aDkqYmebD1D99IA==,0.0,2.0,0.0,1,22,2,0,0,2,2,2,2,2
hCffFh60EkaWRcJBfxMRkQ==,Wl9g+y2Ve0quNDLWtJdG4A==,6.0,0.0,1.0,1,22,1,0,0,1,1,1,1,1
ZGPn2hAg+E+bm+6pAK3e7g==,bUsmEB96HkqEi5u571FSgg==,0.0,1.0,0.0,1,22,3,0,0,3,3,3,3,3
ZGPn2hAg+E+bm+6pAK3e7g==,bUsmEB96HkqEi5u571FSgg==,0.0,1.0,0.0,1,22,3,0,0,3,3,3,3,3
ZGPn2hAg+E+bm+6pAK3e7g==,bUsmEB96HkqEi5u571FSgg==,0.0,1.0,0.0,1,22,3,0,0,3,3,3,3,3
bsKc1tAibEmZ+BwwISsw0Q==,pbcrlEj2uUqGbz0pJBKfSg==,14.0,0.0,1.0,1,22,2,0,0,2,2,2,2,2
bsKc1tAibEmZ+BwwISsw0Q==,pbcrlEj2uUqGbz0pJBKfSg==,14.0,0.0,1.0,1,22,2,0,0,2,2,2,2,2
giY70S63zEKSA+4fCiC2jQ==,784QVafbokOsLFvp+QRQoA==,0.0,1.0,0.0,1,22,2,0,0,2,2,2,2,2
giY70S63zEKSA+4fCiC2jQ==,784QVafbokOsLFvp+QRQoA==,0.0,1.0,0.0,1,22,2,0,0,2,2,2,2,2
hCffFh60EkaWRcJBfxMRkQ==,/CdshVu++EeJSYbIMopoIA==,2.0,0.0,1.0,1,22,1,0,0,1,1,1,1,1
giY70S63zEKSA+4fCiC2jQ==,47eXbj0Tbka22zHAjfO4Hg==,0.0,1.0,0.0,1,22,1,0,0,1,1,1,1,1
z6qHyTx3M0GmcKYDKB8Avg==,C1AmGX9fC06cneua+slMYA==,6.0,0.0,1.0,1,22,1,0,0,1,1,1,1,1
Xy0PQBdQA0OHYlbOUGvbHQ==,6BcmAVqoPEGWOg4kGIo1lg==,0.0,1.0,0.0,1,22,1,0,0,1,1,1,1,1
gwlc4zxoJEivY9vtdKLc2A==,LhNQ3ah7OUqDs0KXe3qFFA==,0.0,5.0,0.0,1,22,0,2,0,2,2,2,2,2
gwlc4zxoJEivY9vtdKLc2A==,LhNQ3ah7OUqDs0KXe3qFFA==,0.0,5.0,0.0,1,22,0,2,0,2,2,2,2,2
wpaU0jdh90qQONu144iIig==,2sjK6Tmd9U6hJ93PemYxdA==,0.0,1.0,0.0,1,22,1,0,0,1,1,1,1,1
giY70S63zEKSA+4fCiC2jQ==,7NDgl0EvYU6rRG2BOP44tw==,0.0,2.0,0.0,1,22,1,0,0,1,1,1,1,1
giY70S63zEKSA+4fCiC2jQ==,atSnGQKqTU+/xn2GLVXGyw==,0.0,1.0,0.0,1,22,1,0,0,1,1,1,1,1
giY70S63zEKSA+4fCiC2jQ==,DRKclX2Kl026UUqw9I6JcA==,74.0,0.0,1.0,1,22,1,0,0,1,1,1,1,1
giY70S63zEKSA+4fCiC2jQ==,HN8rkkCf5UunVE71MAKWLA==,46.0,0.0,1.0,1,22,1,0,0,1,1,1,1,1
zjvQxx7L5Uyn1nFiiw9OYQ==,TFHmman5LUWlsIkNG9HCgg==,5.0,0.0,1.0,1,22,1,0,0,1,1,1,1,1
VBx8f+FnZUqmVAadfMLbjg==,TNk5owGJwEq1HD25NVHhvg==,0.0,2.0,0.0,1,22,3,0,0,3,3,3,3,3
VBx8f+FnZUqmVAadfMLbjg==,TNk5owGJwEq1HD25NVHhvg==,0.0,2.0,0.0,1,22,3,0,0,3,3,3,3,3
VBx8f+FnZUqmVAadfMLbjg==,TNk5owGJwEq1HD25NVHhvg==,0.0,2.0,0.0,1,22,3,0,0,3,3,3,3,3
00eVKE2/0U6GyaSwxxBq2A==,YJE3nzWKBkGv14AlGfBc8Q==,11.0,0.0,1.0,1,22,0,1,0,1,1,1,1,1
MWY5bBVHEEOWUfnTwFnnHQ==,qXi6OSEwTUa4WJMY/VinnQ==,0.0,1.0,0.0,1,22,1,0,0,1,1,1,1,1
